Arnhem,seller,buyer,sells,buys,PV,ROI,VolumeCash,poidsmarket,achat_moyen,vente_moyen,league,Pays,Ville,Quartier,Arnhem
FC Barcelona,25,49,616750000,1357690000,-740940000,-54.5735771788847,1974440000,5.3375778256249,27707959.1836735,24670000,LaLiga,Espagne ,Barcelone,,FC Barcelona
Monaco,35,47,835380000,594810000,240570000,40.4448479346346,1430190000,3.86628635482997,12655531.9148936,23868000,Ligue 1,France,Monaco,,Monaco
Liverpool,45,67,720810000,1258470000,-537660000,-42.723306872631,1979280000,5.35066197944878,18783134.3283582,16018000,Premier League,Angleterre,Liverpool,,Liverpool
Real Madrid,47,63,798850000,1346100000,-547250000,-40.65448332219,2144950000,5.79852391416003,21366666.6666667,16996808.5106383,LaLiga,Espagne ,Madrid,,Real Madrid
Bor. Dortmund,29,37,544800000,450400000,94400000,20.9591474245115,995200000,2.69036154659645,12172972.972973,18786206.8965517,1.Bundesliga,Allemagne,Dortmund,,Bor. Dortmund
Juventus,47,71,603180000,1150380000,-547200000,-47.5668909403849,1753560000,4.74046462384413,16202535.2112676,12833617.0212766,Serie A,Italie,Turin,,Juventus
Spurs,56,72,674200000,892260000,-218060000,-24.4390648465694,1566460000,4.23467016507383,12392500,12039285.7142857,Premier League,Angleterre,Londres,Tottenham,Spurs
Man Utd,29,48,397990000,1235280000,-837290000,-67.7813936921184,1633270000,4.4152801479196,25735000,13723793.1034483,Premier League,Angleterre,Manchester,,Man Utd
SSC Napoli,16,52,344150000,572950000,-228800000,-39.9336765860895,917100000,2.47923088262018,11018269.2307692,21509375,Serie A,Italie,Naples,,SSC Napoli
Santos FC,16,5,241400000,30500000,210900000,691.475409836066,271900000,0.735037484444911,6100000,15087500,Série A,Brésil,Santos,,Santos FC
Everton,23,45,362600000,610370000,-247770000,-40.593410554254,972970000,2.63026635248387,13563777.7777778,15765217.3913043,Premier League,Angleterre,Liverpool,,Everton
Southampton,21,32,428180000,404490000,23690000,5.85675789265495,832670000,2.25098809184533,12640312.5,20389523.8095238,Premier League,Angleterre,Southampton,,Southampton
VfL Wolfsburg,17,44,311350000,439150000,-127800000,-29.101673687806,750500000,2.0288548439717,9980681.81818182,18314705.8823529,1.Bundesliga,Allemagne,Wolfsburg,,VfL Wolfsburg
Inter,49,66,759880000,899890000,-140010000,-15.5585682694552,1659770000,4.48691859344292,13634696.969697,15507755.1020408,Serie A,Italie,Milan,,Inter
Leicester,7,20,174900000,293600000,-118700000,-40.4291553133515,468500000,1.26651365010092,14680000,24985714.2857143,Premier League,Angleterre,Leicester,,Leicester
Chelsea,48,63,784780000,1360800000,-576020000,-42.3295120517343,2145580000,5.80022701682719,21600000,16349583.3333333,Premier League,Angleterre,Londres,Chelsea,Chelsea
AC Milan,33,48,405850000,647900000,-242050000,-37.3591603642537,1053750000,2.84864196113948,13497916.6666667,12298484.8484848,Serie A,Italie,Milan,,AC Milan
Athletic Bilbao,5,8,1.59e+08,93300000,65700000,70.4180064308682,252300000,0.682052068133325,11662500,31800000,LaLiga,Espagne ,Bilbao,,Athletic Bilbao
AS Roma,37,60,623700000,603080000,20620000,3.41911520859587,1226780000,3.31640046034324,10051333.3333333,16856756.7567568,Serie A,Italie,Rome,,AS Roma
RB Leipzig,4,15,93200000,188200000,-9.5e+07,-50.4782146652497,281400000,0.760719191330629,12546666.6666667,23300000,1.Bundesliga,Allemagne,Leipzig,,RB Leipzig
Shakhtar D.,19,24,364200000,220850000,143350000,64.9083088068825,585050000,1.58158764352518,9202083.33333333,19168421.0526316,Premier Liga,Ukraine,Donetsk,,Shakhtar D.
Zenit S-Pb,15,35,204300000,413500000,-209200000,-50.5925030229746,617800000,1.67012194884173,11814285.7142857,13620000,Premier Liga,Russie,Saint-Petersbourg,,Zenit S-Pb
Olympique Lyon,33,40,482900000,396250000,86650000,21.8675078864353,879150000,2.37663922195566,9906250,14633333.3333333,Ligue 1,France,Lyon,,Olympique Lyon
FC Schalke 04,15,22,189500000,207200000,-17700000,-8.54247104247104,396700000,1.07241401279623,9418181.81818182,12633333.3333333,1.Bundesliga,Allemagne,Schalke,,FC Schalke 04
Swansea,17,16,239440000,170300000,69140000,40.5989430416911,409740000,1.10766553466884,10643750,14084705.8823529,Premier League,Angleterre,Swansea,,Swansea
Aston Villa,18,41,205500000,353380000,-147880000,-41.8473031863716,558880000,1.51084129939894,8619024.3902439,11416666.6666667,Premier League,Angleterre,Birmingham,,Aston Villa
FC Porto,48,37,799700000,281080000,518620000,184.509748114416,1080780000,2.92171317557327,7596756.75675676,16660416.6666667,Liga NOS,Portugal,Porto,,FC Porto
Bor. M'gladbach,13,19,167450000,174300000,-6850000,-3.93000573723465,341750000,0.92386561349411,9173684.21052632,12880769.2307692,1.Bundesliga,Allemagne,Mönchengladbach,,Bor. M'gladbach
Flamengo,7,4,77450000,2.5e+07,52450000,209.8,102450000,0.276956933730714,6250000,11064285.7142857,Série A,Brésil,Rio de Janeiro,,Flamengo
Valencia CF,31,47,479300000,546800000,-67500000,-12.3445501097293,1026100000,2.77389467741421,11634042.5531915,15461290.3225806,LaLiga,Espagne ,Valencia,,Valencia CF
Atl�tico Madrid,41,59,632650000,866010000,-233360000,-26.9465710557615,1498660000,4.05138387803682,14678135.5932203,15430487.804878,LaLiga,Espagne ,Madrid,,Atl�tico Madrid
US Palermo,29,27,291300000,1.65e+08,126300000,76.5454545454545,456300000,1.23353293178453,6111111.11111111,10044827.5862069,Serie A,Italie,Palerme,,US Palermo
Newcastle,31,47,375750000,447130000,-71380000,-15.964037304587,822880000,2.2245224170652,9513404.25531915,12120967.7419355,Premier League,Angleterre,Newcastle,,Newcastle
TSG Hoffenheim,12,19,1.63e+08,112800000,50200000,44.5035460992908,275800000,0.74558050095589,5936842.10526316,13583333.3333333,1.Bundesliga,Allemagne,Hoffenheim,,TSG Hoffenheim
G. Bordeaux,16,12,153950000,80900000,73050000,90.2966625463535,234850000,0.634878827590612,6741666.66666667,9621875,Ligue 1,France,Bordeaux,,G. Bordeaux
S�o Paulo,19,6,187060000,41400000,145660000,351.835748792271,228460000,0.617604500538008,6900000,9845263.15789474,Série A,Brésil,São Paulo,,S�o Paulo
Benfica,44,34,732720000,267050000,465670000,174.375585096424,999770000,2.70271579927727,7854411.76470588,16652727.2727273,Liga NOS,Portugal,Lisbonne,,Benfica
Sporting CP,21,18,269700000,101150000,168550000,166.633712308453,370850000,1.00253273669141,5619444.44444444,12842857.1428571,Liga NOS,Portugal,Lisbonne,,Sporting CP
Fiorentina,28,47,359350000,343350000,1.6e+07,4.65996796272026,702700000,1.89963530827304,7305319.14893617,12833928.5714286,Serie A,Italie,Florence,,Fiorentina
Villarreal CF,30,42,361640000,370250000,-8610000,-2.32545577312627,731890000,1.97854573185136,8815476.19047619,12054666.6666667,LaLiga,Espagne ,Vila-real,,Villarreal CF
GZ Evergrande,4,16,70900000,164250000,-93350000,-56.8340943683409,235150000,0.635689828860687,10265625,17725000,Super League,Chine,Canton,,GZ Evergrande
AFC Ajax,28,23,382130000,166100000,216030000,130.060204695966,548230000,1.48205075431127,7221739.13043478,13647500,Eredisivie,Pays-Bas,Amsterdam,,AFC Ajax
Bayern Munich,21,39,287700000,703900000,-416200000,-59.1277170052564,991600000,2.68062953135555,18048717.9487179,13700000,1.Bundesliga,Allemagne,Munich,,Bayern Munich
Watford,11,21,115400000,205160000,-89760000,-43.751218561123,320560000,0.866581890451124,9769523.80952381,10490909.0909091,Premier League,Angleterre,Watford,,Watford
Marseille,24,41,268250000,352500000,-84250000,-23.9007092198582,620750000,1.67809679466414,8597560.97560976,11177083.3333333,Ligue 1,France,Marseille,,Marseille
Arsenal,30,45,460250000,759030000,-298780000,-39.3633980211586,1219280000,3.29612542859136,16867333.3333333,15341666.6666667,Premier League,Angleterre,Londres,,Arsenal
Lazio,17,29,226990000,2.26e+08,990000,0.438053097345133,452990000,1.22458488443803,7793103.44827586,13352352.9411765,Serie A,Italie,Rome,,Lazio
Sevilla FC,34,47,541100000,381400000,159700000,41.8720503408495,922500000,2.49382890548154,8114893.61702128,15914705.8823529,LaLiga,Espagne ,Seville,,Sevilla FC
Anzhi,16,20,197500000,229700000,-32200000,-14.018284719199,427200000,1.15486580858722,11485000,12343750,Premier Liga,Russie,Makhatchkala,,Anzhi
LOSC Lille,27,15,319010000,1.16e+08,203010000,175.008620689655,435010000,1.17597887498485,7733333.33333333,11815185.1851852,Ligue 1,France,Lille,,LOSC Lille
Paris SG,25,47,310200000,1125250000,-815050000,-72.4327927127305,1435450000,3.88050591043195,23941489.3617021,12408000,Ligue 1,France,Paris,,Paris SG
PSV Eindhoven,22,22,225880000,121800000,104080000,85.4515599343186,347680000,0.939896405265931,5536363.63636364,10267272.7272727,Eredisivie,Pays-Bas,Eindhoven,,PSV Eindhoven
Internacional,21,7,207500000,40440000,167060000,413.105835806133,247940000,0.670265516341564,5777142.85714286,9880952.38095238,Série A,Brésil,Porto Alegre,,Internacional
Real Sociedad,9,11,163800000,88700000,75100000,84.6674182638106,252500000,0.682592735646709,8063636.36363636,18200000,LaLiga,Espagne ,Saint-Sebastien,,Real Sociedad
Palmeiras,11,3,90500000,21850000,68650000,314.187643020595,112350000,0.303719975643199,7283333.33333333,8227272.72727273,Série A,Brésil,Bahia,,Palmeiras
Man City,37,72,412250000,1695160000,-1282910000,-75.6807616980108,2107410000,5.69704062189794,23543888.8888889,11141891.8918919,Premier League,Angleterre,Manchester,,Man City
Gr�mio,13,3,124840000,15750000,109090000,692.634920634921,140590000,0.380062228532954,5250000,9603076.92307692,Série A,Brésil,Porto Alegre,,Gr�mio
Dinamo Moscow,13,28,1.11e+08,201500000,-90500000,-44.9131513647643,312500000,0.844792989661768,7196428.57142857,8538461.53846154,Premier Liga,Russie,Moscou,,Dinamo Moscow
VfB Stuttgart,17,18,170900000,96900000,7.4e+07,76.3673890608875,267800000,0.723953800420549,5383333.33333333,10052941.1764706,1.Bundesliga,Allemagne,Stuttgart,,VfB Stuttgart
M�laga CF,15,7,155500000,55800000,99700000,178.673835125448,211300000,0.571215227889701,7971428.57142857,10366666.6666667,LaLiga,Espagne ,Malaga,,M�laga CF
Bay. Leverkusen,22,30,272710000,302180000,-29470000,-9.7524654179628,574890000,1.55412173384529,10072666.6666667,12395909.0909091,1.Bundesliga,Allemagne,Leverkusen,,Bay. Leverkusen
OGC Nice,12,7,158400000,4.7e+07,111400000,237.021276595745,205400000,0.555265536244887,6714285.71428571,13200000,Ligue 1,France,Nice,,OGC Nice
Sampdoria,22,21,260740000,162300000,98440000,60.6531115218731,423040000,1.14361992430885,7728571.42857143,11851818.1818182,Serie A,Italie,Gênes,,Sampdoria
CSKA Moscow,13,16,181400000,101900000,79500000,78.01766437684,283300000,0.765855532707773,6368750,13953846.1538462,Premier Liga,Russie,Moscou,,CSKA Moscow
Real Betis,12,18,154500000,129200000,25300000,19.5820433436533,283700000,0.76693686773454,7177777.77777778,12875000,LaLiga,Espagne ,Seville,,Real Betis
West Ham,21,49,235200000,488840000,-253640000,-51.8860977006792,724040000,1.95732453195106,9976326.53061225,11200000,Premier League,Angleterre,Londres,West Ham,West Ham
1. FC K�ln,7,4,83500000,38500000,4.5e+07,116.883116883117,1.22e+08,0.329807183163954,9625000,11928571.4285714,1.Bundesliga,Allemagne,Cologne,,1. FC K�ln
Crystal Palace,6,17,71150000,199320000,-128170000,-64.30363234999,270470000,0.731171711724219,11724705.8823529,11858333.3333333,Premier League,Angleterre,Londres,South Norwood,Crystal Palace
Burnley,10,7,89330000,78100000,11230000,14.3790012804097,167430000,0.452619808829023,11157142.8571429,8933000,Premier League,Angleterre,Burnley,,Burnley
Sunderland,16,35,157800000,307120000,-149320000,-48.6194321437874,464920000,1.25683570161136,8774857.14285714,9862500,Premier League,Angleterre,Sunderland,,Sunderland
1.FSV Mainz 05,14,6,1.37e+08,35800000,101200000,282.68156424581,172800000,0.467136731563371,5966666.66666667,9785714.28571429,1.Bundesliga,Allemagne,Mayence,,1.FSV Mainz 05
Werder Bremen,22,20,201400000,109300000,92100000,84.263494967978,310700000,0.839926982041316,5465000,9154545.45454546,1.Bundesliga,Allemagne,Breme,,Werder Bremen
Udinese Calcio,45,22,432900000,118500000,314400000,265.316455696203,551400000,1.4906203343984,5386363.63636364,9620000,Serie A,Italie,Udine,,Udinese Calcio
Parma,24,15,164380000,81230000,83150000,102.363658746768,245610000,0.663966739810646,5415333.33333333,6849166.66666667,Serie A,Italie,Parme,,Parma
Genoa,46,42,399350000,257380000,141970000,55.1596860672935,656730000,1.77536288032183,6128095.23809524,8681521.73913044,Serie A,Italie,Gênes,,Genoa
Atl�tico-MG,9,4,70860000,22150000,48710000,219.909706546275,93010000,0.251437427099011,5537500,7873333.33333333,Série A,Brésil,Belo Horizonte,,Atl�tico-MG
RSC Anderlecht,20,6,180050000,28700000,151350000,527.351916376307,208750000,0.564321717094061,4783333.33333333,9002500,Jupiler Pro League,Belgique,Bruxelles,,RSC Anderlecht
Dynamo Kyiv,14,27,138680000,1.79e+08,-40320000,-22.5251396648045,317680000,0.858796278258402,6629629.62962963,9905714.28571429,,Ukraine,Kiev,,Dynamo Kyiv
Torino,14,15,178100000,1.03e+08,75100000,72.9126213592233,281100000,0.759908190060554,6866666.66666667,12721428.5714286,Serie A,Italie,Turin,,Torino
Bologna,12,12,109900000,74020000,35880000,48.4733855714672,183920000,0.497197845307496,6168333.33333333,9158333.33333333,Serie A,Italie,Bologne,,Bologna
Toulouse,16,9,154900000,39200000,115700000,295.15306122449,194100000,0.524717821738717,4355555.55555556,9681250,Ligue 1,France,Toulouse,,Toulouse
Norwich,14,13,144940000,94780000,50160000,52.9225575015826,239720000,0.648044081541501,7290769.23076923,10352857.1428571,Premier League,Angleterre,Norwich,,Norwich
Charlton,5,7,45010000,26690000,18320000,68.6399400524541,71700000,0.193829303547996,3812857.14285714,9002000,Premier League,Angleterre,Charlton,,Charlton
Hellas Verona,2,1,3.4e+07,1.5e+07,1.9e+07,126.666666666667,4.9e+07,0.132463540778965,1.5e+07,1.7e+07,Serie A,Italie,Vérone,,Hellas Verona
RB Salzburg,13,3,157100000,11500000,145600000,1266.08695652174,168600000,0.455782713782317,3833333.33333333,12084615.3846154,1.Bundesliga,Allemagne,Salzburg,,RB Salzburg
River Plate,22,2,204680000,16300000,188380000,1155.70552147239,220980000,0.597383535537464,8150000,9303636.36363636,Primera División,Argentine,Buenos Aires,,River Plate
Atalanta,27,14,2.21e+08,81950000,139050000,169.676632092739,302950000,0.818976115897704,5853571.42857143,8185185.18518519,Serie A,Italie,Bergame,,Atalanta
Dinamo Zagreb,20,NA,172880000,8644000,172880000,Inf,181524000,0.490720648497161,NA,8644000,,Croatie,Zagreb,,Dinamo Zagreb
FC Basel,19,2,183100000,8750000,174350000,1992.57142857143,191850000,0.518635312213153,4375000,9636842.10526316,,Suisse,Bale,,FC Basel
Besiktas,8,16,76600000,78600000,-2e+06,-2.54452926208651,155200000,0.41955799038562,4912500,9575000,,Turquie,Istanbul,,Besiktas
Stoke City,9,28,77500000,249800000,-172300000,-68.9751801441153,327300000,0.884802385652149,8921428.57142857,8611111.11111111,Premier League,Angleterre,Stoke,,Stoke City
AZ Alkmaar,20,5,149650000,23500000,126150000,536.808510638298,173150000,0.468082899711792,4700000,7482500,Eredisivie,Pays-Bas,Alkmaar,,AZ Alkmaar
Blackburn,15,14,149350000,71880000,77470000,107.776850306066,221230000,0.598059369929193,5134285.71428571,9956666.66666667,Premier League,Angleterre,Blackburn,,Blackburn
Standard Li�ge,12,3,87810000,11500000,76310000,663.565217391304,99310000,0.268468453770593,3833333.33333333,7317500,Jupiler Pro League,Belgique,Liège,,Standard Li�ge
Independiente,10,NA,71160000,3558000,71160000,Inf,74718000,0.201987976324954,NA,7116000,Primera División,Italie,Avellaneda,,Independiente
Boca Juniors,15,5,133300000,31050000,102250000,329.307568438003,164350000,0.444293529122917,6210000,8886666.66666667,Primera División,Argentine,Buenos Aires,,Boca Juniors
Portsmouth,18,15,148450000,100260000,48190000,48.065030919609,248710000,0.672347086268091,6684000,8247222.22222222,Premier League,Angleterre,Portsmouth,,Portsmouth
BJ Sinobo Guoan,1,8,20440000,102750000,-82310000,-80.1070559610706,123190000,0.333024154868586,12843750,20440000,,Chine,Pekin,,BJ Sinobo Guoan
Al Sadd,1,10,20200000,75650000,-55450000,-73.2980832782551,95850000,0.259114905789057,7565000,20200000,,Qatar,Doha,,Al Sadd
Dep. La Coru�a,9,6,96580000,31140000,65440000,210.14771997431,127720000,0.345270274046723,5190000,10731111.1111111,LaLiga,Espagne ,La Corogne,,Dep. La Coru�a
Real Zaragoza,13,10,116600000,70100000,46500000,66.3338088445078,186700000,0.504713123743527,7010000,8969230.76923077,LaLiga,Espagne ,Saragosse,,Real Zaragoza
FC Augsburg,1,1,2e+07,7e+06,1.3e+07,185.714285714286,2.7e+07,0.0729901143067768,7e+06,2e+07,1.Bundesliga,Allemagne,Augsburg,,FC Augsburg
FC Lorient,14,2,121500000,9e+06,112500000,1250,130500000,0.352785552482754,4500000,8678571.42857143,Ligue 1,France,Lorient,,FC Lorient
SC Freiburg,6,3,6e+07,1.5e+07,4.5e+07,300,7.5e+07,0.202750317518824,5e+06,1e+07,1.Bundesliga,Allemagne,Freiburg,,SC Freiburg
Espanyol,14,9,1.14e+08,48600000,65400000,134.567901234568,162600000,0.439562688380811,5400000,8142857.14285714,LaLiga,Espagne ,Barcelone,,Espanyol
Corinthians,26,11,205400000,85500000,119900000,140.233918128655,290900000,0.786400898216347,7772727.27272727,7900000,Série A,Brésil,São Paulo,,Corinthians
Lecce,6,NA,5.1e+07,2550000,5.1e+07,Inf,53550000,0.144763726708441,NA,8500000,Serie A,Italie,Lecce,,Lecce
Fulham,18,25,124700000,194380000,-69680000,-35.8473093939706,319080000,0.862580950852086,7775200,6927777.77777778,Premier League,Angleterre,Londres,,Fulham
Wigan,16,22,142680000,99970000,42710000,42.7228168450535,242650000,0.65596486061257,4544090.90909091,8917500,Premier League,Angleterre,Manchester,,Wigan
Vasco da Gama,5,NA,45700000,2285000,45700000,Inf,47985000,0.129719653148544,NA,9140000,Série A,Brésil,Rio de Janeiro,,Vasco da Gama
Feyenoord,17,5,1.37e+08,18500000,118500000,640.540540540541,155500000,0.420368991655696,3700000,8058823.52941176,Eredisivie,Pays-Bas,Rotterdam,,Feyenoord
Bolton,5,11,38450000,67550000,-29100000,-43.079200592154,1.06e+08,0.286553782093272,6140909.09090909,7690000,Premier League,Angleterre,Bolton,,Bolton
Hamburger SV,16,29,145700000,193600000,-47900000,-24.7417355371901,339300000,0.917242436455161,6675862.06896552,9106250,1.Bundesliga,Allemagne,Hambourg,,Hamburger SV
Kuban Krasnodar,6,3,4.7e+07,1.5e+07,3.2e+07,213.333333333333,6.2e+07,0.167606929148895,5e+06,7833333.33333333,,Russie,Krasnodar,,Kuban Krasnodar
Rubin Kazan,10,21,81900000,159400000,-77500000,-48.6198243412798,241300000,0.652315354897231,7590476.19047619,8190000,,Russie,Kazan,,Rubin Kazan
Sassuolo,11,13,112700000,85200000,27500000,32.2769953051643,197900000,0.534990504493004,6553846.15384615,10245454.5454545,Serie A,Italie,Sassuolo,,Sassuolo
KRC Genk,10,1,101300000,4500000,96800000,2151.11111111111,105800000,0.286013114579888,4500000,10130000,Jupiler Pro League,Belgique,Genk,,KRC Genk
Celta de Vigo,11,5,93800000,3.8e+07,55800000,146.842105263158,131800000,0.356299891319747,7600000,8527272.72727273,LaLiga,Espagne ,Vigo,,Celta de Vigo
SCO Angers,2,NA,2.8e+07,1400000,2.8e+07,Inf,29400000,0.0794781244673791,NA,1.4e+07,Ligue 1,France,Angers,,SCO Angers
Loko Moscow,12,28,8.6e+07,156900000,-70900000,-45.1880178457616,242900000,0.656640695004299,5603571.42857143,7166666.66666667,,Russie,Moscou,,Loko Moscow
ZJ Greentown,3,NA,31720000,1586000,31720000,Inf,33306000,0.0900373610037595,NA,10573333.3333333,,Chine,Hangzhou,,ZJ Greentown
Olympiacos,14,9,136850000,53300000,83550000,156.754221388368,190150000,0.514039638349393,5922222.22222222,9775000,,Grèce,Le pirée,,Olympiacos
Spartak Moscow,14,32,102600000,208700000,-106100000,-50.8385241974126,311300000,0.841548984581467,6521875,7328571.42857143,,Russie,Moscou,,Spartak Moscow
Nottm Forest,7,3,66800000,28700000,38100000,132.752613240418,95500000,0.258168737640636,9566666.66666667,9542857.14285714,Premier League,Angleterre,Nottingham,,Nottm Forest
Heerenveen,13,1,106050000,4500000,101550000,2256.66666666667,110550000,0.298853968022747,4500000,8157692.30769231,Eredisivie,Pays-Bas,Heerenveen,,Heerenveen
Hertha BSC,10,5,83100000,25400000,57700000,227.165354330709,108500000,0.293312126010566,5080000,8310000,,Allemagne,Berlin,,Hertha BSC
FC Metz,6,NA,44500000,2225000,44500000,Inf,46725000,0.126313447814228,NA,7416666.66666667,Ligue 1,France,Metz,,FC Metz
Fluminense,15,2,115900000,10400000,105500000,1014.42307692308,126300000,0.3414315347017,5200000,7726666.66666667,Série A,Brésil,Rio de Janeiro,,Fluminense
Middlesbrough,13,23,1.24e+08,188910000,-64910000,-34.3602773807633,312910000,0.845901358064204,8213478.26086957,9538461.53846154,Premier League,Angleterre,Middlesbrough,,Middlesbrough
Leeds,7,1,58450000,7900000,50550000,639.873417721519,66350000,0.179366447564987,7900000,8350000,Premier League,Angleterre,Leeds,,Leeds
Hull City,11,14,122500000,96850000,25650000,26.4842540010325,219350000,0.592977095303388,6917857.14285714,11136363.6363636,Premier League,Angleterre,Hull,,Hull City
Stade Rennais,27,19,205300000,124100000,81200000,65.4311039484287,329400000,0.890479394542676,6531578.94736842,7603703.7037037,Ligue 1,France,Rennes,,Stade Rennais
Vitesse,5,1,43600000,4e+06,39600000,990,47600000,0.128678868185281,4e+06,8720000,Eredisivie,Pays-Bas,Arnhem,,Vitesse
Fenerbahce,9,33,81200000,233800000,-152600000,-65.2694610778443,3.15e+08,0.851551333579062,7084848.48484848,9022222.22222222,,Turquie,Istanbul,,Fenerbahce
Braga,17,1,115330000,9500000,105830000,1114,124830000,0.337457628478331,9500000,6784117.64705882,Liga NOS,Portugal,Braga,,Braga
Galatasaray,9,26,80650000,153300000,-72650000,-47.3907371167645,233950000,0.632445823780386,5896153.84615385,8961111.11111111,,Turquie,Istanbul,,Galatasaray
Racing Club,11,1,72790000,3200000,69590000,2174.6875,75990000,0.205426621710073,3200000,6617272.72727273,Primera División,Italie,Avellaneda,,Racing Club
Montpellier,11,2,103900000,8500000,95400000,1122.35294117647,112400000,0.303855142521545,4250000,9445454.54545454,Ligue 1,France,Montpellier,,Montpellier
Celtic,10,10,94750000,5.2e+07,42750000,82.2115384615385,146750000,0.396714787945166,5200000,9475000,,Écosse,Glasgow,,Celtic
Cruzeiro,17,1,130300000,5e+06,125300000,2506,135300000,0.365761572803959,5e+06,7664705.88235294,,Brésil,Belo Horizonte,,Cruzeiro
Bari,2,2,1.9e+07,1.5e+07,4e+06,26.6666666666667,3.4e+07,0.0919134772752004,7500000,9500000,Serie A,Italie,Bari,,Bari
Cagliari Calcio,6,8,57200000,48900000,8300000,16.9734151329243,106100000,0.286824115849963,6112500,9533333.33333333,Serie A,Italie,Cagliari,,Cagliari Calcio
Metalist,6,9,42440000,50100000,-7660000,-15.2894211576846,92540000,0.25016685844256,5566666.66666667,7073333.33333333,,Russie,Kharkiv,,Metalist
Wolves,8,16,71750000,126600000,-54850000,-43.3254344391785,198350000,0.536207006398117,7912500,8968750,Premier League,Angleterre,Wolverhampton,,Wolves
V�lez Sarsfield,11,NA,77950000,3897500,77950000,Inf,81847500,0.221261421508293,NA,7086363.63636364,Primera División,Argentine,Buenos Aires,,V�lez Sarsfield
CF Pachuca,7,2,6.5e+07,12550000,52450000,417.92828685259,77550000,0.209643828314464,6275000,9285714.28571429,,Mexique,Pachuca,,CF Pachuca
Granada CF,7,3,6e+07,13500000,46500000,344.444444444444,73500000,0.198695311168448,4500000,8571428.57142857,,Espagne ,Grenade,,Granada CF
Club Brugge,11,1,79130000,4e+06,75130000,1878.25,83130000,0.224728451937865,4e+06,7193636.36363636,Jupiler Pro League,Belgique,Bruges,,Club Brugge
FC Sion,5,NA,39700000,1985000,39700000,Inf,41685000,0.112688626476963,NA,7940000,Super League,Suisse,Sion,,FC Sion
JS Suning,3,8,34850000,118270000,-83420000,-70.5335249852033,153120000,0.413935048246432,14783750,11616666.6666667,,Chine,Nankin,,JS Suning
Saint-�tienne,16,18,136750000,87700000,49050000,55.9293044469783,224450000,0.606764116894668,4872222.22222222,8546875,,France,Saint-Étienne,,Saint-�tienne
Chivas,3,4,2.5e+07,32150000,-7150000,-22.2395023328149,57150000,0.154495741949344,8037500,8333333.33333333,,Mexique,Guadalajara,,Chivas
Racing,6,3,116540000,21200000,95340000,449.716981132075,137740000,0.372357716467238,7066666.66666667,19423333.3333333,,Espagne ,Santander,,Racing
RCD Mallorca,14,6,82900000,25500000,57400000,225.098039215686,108400000,0.293041792253874,4250000,5921428.57142857,,Espagne ,Majorque,,RCD Mallorca
Desp. Brasil,10,NA,54330000,2716500,54330000,Inf,57046500,0.154215946511168,NA,5433000,,Brésil,Porto Feliz,,Desp. Brasil
FC Twente,15,6,130630000,3.3e+07,97630000,295.848484848485,163630000,0.442347126074736,5500000,8708666.66666667,,Pays-Bas,Enschede,,FC Twente
R. Strasbourg,6,NA,35780000,1789000,35780000,Inf,37569000,0.101561689051529,NA,5963333.33333333,,France,Strasbourg,,R. Strasbourg
West Brom,11,26,82510000,195380000,-112870000,-57.7694748694851,277890000,0.751230476470748,7514615.38461538,7500909.09090909,,Angleterre,West Bromwich,,West Brom
U. de Chile,4,NA,27700000,1385000,27700000,Inf,29085000,0.0786265731338001,NA,6925000,,Chili,Santiago,,U. de Chile
Basaksehir,1,NA,13400000,670000,13400000,Inf,14070000,0.0380359595665314,NA,13400000,,Turquie,Istanbul,,Basaksehir
QPR,5,17,41640000,117520000,-75880000,-64.5677331518039,159160000,0.430263207150614,6912941.17647059,8328000,,Angleterre,Londres,,QPR
CA Osasuna,9,NA,51050000,2552500,51050000,Inf,53602500,0.144905651930704,NA,5672222.22222222,,Espagne ,Pampelune,,CA Osasuna
Reggina,8,NA,42350000,2117500,42350000,Inf,44467500,0.120210663256911,NA,5293750,,Italie,Reggio de Calabre,,Reggina
Rangers,4,8,40900000,33580000,7320000,21.7986896962478,74480000,0.201344581984027,4197500,10225000,,Écosse,Glasgow,,Rangers
Bristol City,4,NA,35450000,1772500,35450000,Inf,37222500,0.100624982584593,NA,8862500,,Angleterre,Bristol,,Bristol City
Birmingham,16,16,91150000,77450000,13700000,17.6888315041963,168600000,0.455782713782317,4840625,5696875,,Angleterre,Birmingham,,Birmingham
UD Las Palmas,3,NA,2.7e+07,1350000,2.7e+07,Inf,28350000,0.0766396200221156,NA,9e+06,,Espagne ,Las Palmas de Gran Canaria,,UD Las Palmas
SD Luneng,3,7,33790000,60950000,-27160000,-44.5611156685808,94740000,0.256114201089779,8707142.85714286,11263333.3333333,,Chine,Shandong,,SD Luneng
Brentford,2,NA,22900000,1145000,22900000,Inf,24045000,0.0650017517965351,NA,11450000,,Angleterre,Brentford,,Brentford
AJ Auxerre,13,4,73700000,17300000,56400000,326.011560693642,9.1e+07,0.246003718589507,4325000,5669230.76923077,,France,Auxerre,,AJ Auxerre
Catania,4,3,3.9e+07,1.1e+07,2.8e+07,254.545454545455,5e+07,0.135166878345883,3666666.66666667,9750000,,Italie,Catane,,Catania
Partizan,10,NA,62300000,3115000,62300000,Inf,65415000,0.176838826939919,NA,6230000,,Serbie,Belgrade,,Partizan
Pescara,4,2,39250000,7400000,31850000,430.405405405405,46650000,0.126110697496709,3700000,9812500,,Italie,Pascara,,Pescara
Al-Jazira,5,11,37400000,88300000,-50900000,-57.6443941109853,125700000,0.33980953216155,8027272.72727273,7480000,,Qatar,Abou Dabi,,Al-Jazira
Bournemouth,3,11,30200000,133050000,-102850000,-77.3017662532882,163250000,0.441319857799308,12095454.5454545,10066666.6666667,,Angleterre,Bournemouth,,Bournemouth
BSC Young Boys,5,NA,3.9e+07,1950000,3.9e+07,Inf,40950000,0.110701673365278,NA,7800000,,Suisse,Berne,,BSC Young Boys
CD Legan�s,1,NA,1.2e+07,6e+05,1.2e+07,Inf,12600000,0.0340620533431625,NA,1.2e+07,,Espagne ,Leganés,,CD Legan�s
Instituto,1,NA,11900000,595000,11900000,Inf,12495000,0.0337782028986361,NA,11900000,,Argentine,Cordoba,,Instituto
Derby,5,6,38200000,38400000,-2e+05,-0.520833333333333,76600000,0.207075657625893,6400000,7640000,,Angleterre,Derby,,Derby
Am�rica,5,9,36650000,54700000,-18050000,-32.9981718464351,91350000,0.246949886737928,6077777.77777778,7330000,,Mexique,Mexico,,Am�rica
Newell's,2,NA,15670000,783500,15670000,Inf,16453500,0.0444793646572797,NA,7835000,,Argentine,Rosario,,Newell's
YB Funde,1,NA,11500000,575000,11500000,Inf,12075000,0.0326428011205307,NA,11500000,,Chine,Yanji,,YB Funde
Ipswich,5,NA,32850000,1642500,32850000,Inf,34492500,0.0932448710269073,NA,6570000,,Angleterre,Ipswich,,Ipswich
Sheffield Utd.,7,7,41350000,25580000,15770000,61.6497263487099,66930000,0.180934383353799,3654285.71428571,5907142.85714286,,Angleterre,Sheffield,,Sheffield Utd.
Huddersfield,2,8,21300000,85050000,-63750000,-74.9559082892416,106350000,0.287499950241693,10631250,10650000,,Angleterre,Huddersfield,,Huddersfield
Hilal,4,5,27200000,3.1e+07,-3800000,-12.258064516129,58200000,0.157334246394608,6200000,6800000,,Arabie Saoudite,Riyad,,Hilal
GZ R&F,4,1,32050000,7230000,24820000,343.2918395574,39280000,0.106187099628526,7230000,8012500,,Chine,Canton,,GZ R&F
Heart of Midl.,1,NA,10820000,541000,10820000,Inf,11361000,0.0307126180977515,NA,10820000,,Écosse,Édimbourg,,Heart of Midl.
Hajduk Split,6,1,3.5e+07,1500000,33500000,2233.33333333333,36500000,0.0986718211924945,1500000,5833333.33333333,,Croatie,Split,,Hajduk Split
Cardiff,9,7,54570000,64600000,-10030000,-15.5263157894737,119170000,0.322156737849577,9228571.42857143,6063333.33333333,,Angleterre,Cardiff,,Cardiff
Al-Ahli (UAE),1,8,0,0,0,NA,0,0,0,0,,UAE,Dubaï,,Al-Ahli (UAE)
Santos Laguna,6,2,43390000,6800000,36590000,538.088235294118,50190000,0.135680512483597,3400000,7231666.66666667,,Mexique,Torreón,,Santos Laguna
Preston NE,3,NA,22700000,1135000,22700000,Inf,23835000,0.0644340509074824,NA,7566666.66666667,,Angleterre,Preston,,Preston NE
Brighton,1,7,10100000,96900000,-86800000,-89.5768833849329,1.07e+08,0.289257119660189,13842857.1428571,10100000,,Angleterre,Brighton,,Brighton
FC Empoli,9,1,64200000,9e+06,55200000,613.333333333333,73200000,0.197884309898373,9e+06,7133333.33333333,,Italie,Empoli,,FC Empoli
Recr. Huelva,1,1,1e+07,4e+06,6e+06,150,1.4e+07,0.0378467259368472,4e+06,1e+07,,Espagne ,Huelva,,Recr. Huelva
FC Groningen,7,1,43500000,4e+06,39500000,987.5,47500000,0.128408534428589,4e+06,6214285.71428571,,Pays-Bas,groningue,,FC Groningen
Siena,8,4,48200000,15600000,32600000,208.974358974359,63800000,0.172472936769347,3900000,6025000,,Italie,Sienne,,Siena
Getafe CF,16,6,90220000,31500000,58720000,186.412698412698,121720000,0.329050248645217,5250000,5638750,,Espagne ,Getafe,,Getafe CF
Lens,13,6,67250000,24100000,43150000,179.045643153527,91350000,0.246949886737928,4016666.66666667,5173076.92307692,,France,Lens,,Lens
FC Sochaux,11,3,69400000,9e+06,60400000,671.111111111111,78400000,0.211941665246344,3e+06,6309090.90909091,,France,Sochaux,,FC Sochaux
Levante UD,6,NA,37800000,1890000,37800000,Inf,39690000,0.107295468030962,NA,6300000,,Espagne ,Valence,,Levante UD
FC Nantes,4,3,2.9e+07,9700000,19300000,198.969072164948,38700000,0.104619163839713,3233333.33333333,7250000,,France,Nantes,,FC Nantes
FC Barcelona B,3,1,20300000,5e+06,15300000,306,25300000,0.0683944404430167,5e+06,6766666.66666667,,Espagne ,Barcelone,,FC Barcelona B
Al Arabi,1,7,1e+07,47200000,-37200000,-78.8135593220339,57200000,0.15463090882769,6742857.14285714,1e+07,,Qatar,Doha,,Al Arabi
CA Rosario,1,NA,1e+07,5e+05,1e+07,Inf,10500000,0.0283850444526354,NA,1e+07,,Argentine,Rosario,,CA Rosario
KV Oostende,1,NA,1e+07,5e+05,1e+07,Inf,10500000,0.0283850444526354,NA,1e+07,,Belgique,Ostende,,KV Oostende
SD Eibar,1,NA,1e+07,5e+05,1e+07,Inf,10500000,0.0283850444526354,NA,1e+07,,Espagne ,Eibar,,SD Eibar
Chievo Verona,8,2,55500000,9500000,4.6e+07,484.210526315789,6.5e+07,0.175716941849648,4750000,6937500,,Italie,Verone,,Chievo Verona
Dijon,2,NA,1.4e+07,7e+05,1.4e+07,Inf,14700000,0.0397390622336896,NA,7e+06,,France,Dijon,,Dijon
Rio Ave FC,2,NA,1.6e+07,8e+05,1.6e+07,Inf,16800000,0.0454160711242167,NA,8e+06,,Portugal,Vila do Conde,,Rio Ave FC
Vancouver,1,NA,1e+07,5e+05,1e+07,Inf,10500000,0.0283850444526354,NA,1e+07,,USA,Vancouver,,Vancouver
HN Jianye,2,1,19030000,8500000,10530000,123.882352941176,27530000,0.0744228832172431,8500000,9515000,,Chine,Zhengzhou,,HN Jianye
Atl. Nacional,4,NA,21200000,1060000,21200000,Inf,22260000,0.0601762942395871,NA,5300000,,Colombie,Medellín,,Atl. Nacional
Al-Ettifaq,1,NA,9800000,490000,9800000,Inf,10290000,0.0278173435635827,NA,9800000,,Arabie Saoudite,Dammam,,Al-Ettifaq
Baniyas SC,1,NA,9800000,490000,9800000,Inf,10290000,0.0278173435635827,NA,9800000,,UAE,Abou Dabi,,Baniyas SC
Liaoning FC,5,1,37680000,11500000,26180000,227.652173913043,49180000,0.13295014154101,11500000,7536000,,Chine,Jinzhou,,Liaoning FC
Nordsjaelland,2,NA,14450000,722500,14450000,Inf,15172500,0.0410163892340582,NA,7225000,,Danemark,Nordsjælland,,Nordsjaelland
BJ Renhe,2,1,15250000,3500000,11750000,335.714285714286,18750000,0.0506875793797061,3500000,7625000,,Chine,Pékin,,BJ Renhe
Maldonado,1,2,9600000,17750000,-8150000,-45.9154929577465,27350000,0.0739362824551979,8875000,9600000,,Uruguay,Maldonado,,Maldonado
FCS Bucharest,6,NA,38500000,1925000,38500000,Inf,40425000,0.109282421142646,NA,6416666.66666667,,Roumanie,Bucharest,,FCS Bucharest
Botafogo,4,1,25500000,4e+06,21500000,537.5,29500000,0.0797484582240709,4e+06,6375000,,Brésil,Rio de Janeiro,,Botafogo
E. Frankfurt,2,2,14500000,1.2e+07,2500000,20.8333333333333,26500000,0.0716384455233179,6e+06,7250000,,Allemagne,Frankfurt,,E. Frankfurt
Roda JC,2,NA,12500000,625000,12500000,Inf,13125000,0.0354813055657943,NA,6250000,,Pays-Bas,Kerkrade,,Roda JC
Estudiantes,8,1,58570000,5300000,53270000,1005.09433962264,63870000,0.172662170399031,5300000,7321250,,Argentine,La Plata,,Estudiantes
AS Nancy,7,NA,38400000,1920000,38400000,Inf,40320000,0.10899857069812,NA,5485714.28571429,,France,Nancy,,AS Nancy
Portuguesa,2,NA,1.4e+07,7e+05,1.4e+07,Inf,14700000,0.0397390622336896,NA,7e+06,,Venezuela,Araure,,Portuguesa
Kayserispor,5,NA,32300000,1615000,32300000,Inf,33915000,0.0916836935820124,NA,6460000,,Turquie,Kayseri,,Kayserispor
Karab�kspor,1,NA,9e+06,450000,9e+06,Inf,9450000,0.0255465400073719,NA,9e+06,,Turquie,Karabük,,Karab�kspor
HNK Rijeka,1,NA,9e+06,450000,9e+06,Inf,9450000,0.0255465400073719,NA,9e+06,,Croatie,Rijeka,,HNK Rijeka
Al-Ain FC,3,7,19250000,39350000,-20100000,-51.0800508259212,58600000,0.158415581421375,5621428.57142857,6416666.66666667,,UAE,Al-Aïn,,Al-Ain FC
SM Caen,7,1,40500000,5e+06,35500000,710,45500000,0.123001859294753,5e+06,5785714.28571429,,France,Caen,,SM Caen
KAA Gent,7,NA,41600000,2080000,41600000,Inf,43680000,0.118081784922963,NA,5942857.14285714,,Belgique,Gent,,KAA Gent
Reims,2,NA,14500000,725000,14500000,Inf,15225000,0.0411583144563213,NA,7250000,,France,Reims,,Reims
Chiapas FC,3,NA,18990000,949500,18990000,Inf,19939500,0.0539031994155546,NA,6330000,,Mexique,Chiapas,,Chiapas FC
Vit. Guimar�es,4,NA,25800000,1290000,25800000,Inf,27090000,0.0732334146877994,NA,6450000,,Portugal,Guimarães,,Vit. Guimar�es
Br�ndby IF,5,1,23060000,4e+06,19060000,476.5,27060000,0.0731523145607918,4e+06,4612000,,Danemark,Brøndby,,Br�ndby IF
Colo Colo,3,NA,18100000,905000,18100000,Inf,19005000,0.0513769304592701,NA,6033333.33333333,,Chili,Santiago,,Colo Colo
Trabzonspor,11,11,53600000,49650000,3950000,7.95568982880161,103250000,0.279119603784248,4513636.36363636,4872727.27272727,,Turquie,Trabzon,,Trabzonspor
Lan�s,7,NA,50800000,2540000,50800000,Inf,53340000,0.144196025819388,NA,7257142.85714286,,Argentine,Lanús,,Lan�s
FC Copenhagen,8,1,47450000,3e+06,44450000,1481.66666666667,50450000,0.136383380250996,3e+06,5931250,,Danemark,Copenhague,,FC Copenhagen
Tigres UANL,1,8,8700000,47750000,-39050000,-81.7801047120419,56450000,0.152603405652502,5968750,8700000,,Mexique,Monterrey,,Tigres UANL
AIK Solna,1,NA,8600000,430000,8600000,Inf,9030000,0.0244111382292664,NA,8600000,,Suède,Stockholm,,AIK Solna
Le Mans,10,1,5.6e+07,4500000,51500000,1144.44444444444,60500000,0.163551922798518,4500000,5600000,,France,Le Mans,,Le Mans
Brescia,11,3,63360000,16200000,47160000,291.111111111111,79560000,0.215077536823969,5400000,5760000,,Italie,Brescia,,Brescia
FC Z�rich,2,NA,12800000,640000,12800000,Inf,13440000,0.0363328568993733,NA,6400000,,Suisse,Zurich,,FC Z�rich
FC Utrecht,5,1,31080000,4800000,26280000,547.5,35880000,0.0969957519010056,4800000,6216000,,Pays-Bas,Utrecht,,FC Utrecht
Sparta Praha,6,NA,26250000,1312500,26250000,Inf,27562500,0.0745107416881679,NA,4375000,,République Tchèque,Prague,,Sparta Praha
Argentinos,3,NA,15500000,775000,15500000,Inf,16275000,0.0439968189015849,NA,5166666.66666667,,Argentine,Buenos Aires,,Argentinos
Zorya Lugansk,1,NA,8500000,425000,8500000,Inf,8925000,0.0241272877847401,NA,8500000,,Louhansk,Ukraine,,Zorya Lugansk
Blackpool,2,NA,14200000,710000,14200000,Inf,14910000,0.0403067631227423,NA,7100000,,Angleterre,Blackpool,,Blackpool
KV Mechelen,1,NA,8250000,412500,8250000,Inf,8662500,0.0234176616734242,NA,8250000,,Belgique,Malines,,KV Mechelen
UD Almer�a,4,2,25500000,10800000,14700000,136.111111111111,36300000,0.098131153679111,5400000,6375000,,Espagne ,Almería,,UD Almer�a
Gaziantepspor,2,2,13500000,7100000,6400000,90.1408450704225,20600000,0.0556887538785037,3550000,6750000,,Turquie,Gaziantep,,Gaziantepspor
Stade Brest 29,1,NA,8e+06,4e+05,8e+06,Inf,8400000,0.0227080355621083,NA,8e+06,,France,Brest,,Stade Brest 29
Nacional,8,NA,60150000,3007500,60150000,Inf,63157500,0.170736042382602,NA,7518750,,Uruguay,Montevideo,,Nacional
Al Rayyan,1,3,8e+06,2e+07,-1.2e+07,-60,2.8e+07,0.0756934518736944,6666666.66666667,8e+06,,Qatar,Al Rayyan,,Al Rayyan
Monterrey,2,7,12600000,44760000,-32160000,-71.8498659517426,57360000,0.155063442838397,6394285.71428571,6300000,,Mexique,Monterrey,,Monterrey
AS Livorno,4,1,28710000,6e+06,22710000,378.5,34710000,0.0938328469477119,6e+06,7177500,,Italie,Livourne,,AS Livorno
Hannover 96,4,5,26200000,28800000,-2600000,-9.02777777777778,5.5e+07,0.148683566180471,5760000,6550000,,Allemagne,Hanovre,,Hannover 96
Atl�tico-PR,7,1,36300000,4e+06,32300000,807.5,40300000,0.108944503946782,4e+06,5185714.28571429,,Brésil,Paraná,,Atl�tico-PR
Zulte Waregem,1,NA,8e+06,4e+05,8e+06,Inf,8400000,0.0227080355621083,NA,8e+06,,Belgique,Waregem,,Zulte Waregem
KAS Eupen,1,NA,8e+06,4e+05,8e+06,Inf,8400000,0.0227080355621083,NA,8e+06,,Belgique,Eupen,,KAS Eupen
Rostov,1,NA,8e+06,4e+05,8e+06,Inf,8400000,0.0227080355621083,NA,8e+06,,Russie,Rostov,,Rostov
AC Le Havre,3,NA,18500000,925000,18500000,Inf,19425000,0.0525123322373755,NA,6166666.66666667,,France,Le Havre,,AC Le Havre
SC Amiens,1,NA,8e+06,4e+05,8e+06,Inf,8400000,0.0227080355621083,NA,8e+06,,France,Amiens,,SC Amiens
Hurac�n,3,NA,22200000,1110000,22200000,Inf,23310000,0.0630147986848506,NA,7400000,,Argentine,Buenos Aires,,Hurac�n
Rayo Vallecano,3,NA,2e+07,1e+06,2e+07,Inf,2.1e+07,0.0567700889052708,NA,6666666.66666667,,Espagne ,Madrid,,Rayo Vallecano
FC Midtjylland,4,NA,1.9e+07,950000,1.9e+07,Inf,19950000,0.0539315844600073,NA,4750000,,Danemark,Herning,,FC Midtjylland
Reading,8,3,43800000,16300000,27500000,168.711656441718,60100000,0.162470587771751,5433333.33333333,5475000,,Angleterre,Reading,,Reading
Club Tijuana,3,1,21330000,5e+06,16330000,326.6,26330000,0.0711788781369419,5e+06,7110000,,Mexique,Tijuana,,Club Tijuana
Juventude,2,NA,9900000,495000,9900000,Inf,10395000,0.0281011940081091,NA,4950000,,Brésil,Caxias do Sul,,Juventude
Gamba Osaka,2,NA,11800000,590000,11800000,Inf,12390000,0.0334943524541098,NA,5900000,,Japon,Osaka,,Gamba Osaka
FC S�o Paulo B,1,NA,7500000,375000,7500000,Inf,7875000,0.0212887833394766,NA,7500000,,Brésil,São Paulo,,FC S�o Paulo B
Krasnodar,4,8,72500000,59250000,13250000,22.3628691983122,131750000,0.356164724441401,7406250,18125000,,Russie,Krasnodar,,Krasnodar
Crewe Alexandra,2,NA,13500000,675000,13500000,Inf,14175000,0.0383198100110578,NA,6750000,,Angleterre,Crewe,,Crewe Alexandra
Guingamp,3,NA,16500000,825000,16500000,Inf,17325000,0.0468353233468484,NA,5500000,,France,Guingamp,,Guingamp
San Lorenzo,6,NA,29200000,1460000,29200000,Inf,30660000,0.0828843298016954,NA,4866666.66666667,,Argentine,Buenos Aires,,San Lorenzo
Bursaspor,4,NA,22800000,1140000,22800000,Inf,23940000,0.0647179013520087,NA,5700000,,Turquie,Bursa,,Bursaspor
Rapid Vienna,5,NA,28900000,1445000,28900000,Inf,30345000,0.0820327784681163,NA,5780000,,Autriche,Vienne,,Rapid Vienna
Ludogorets,1,NA,7500000,375000,7500000,Inf,7875000,0.0212887833394766,NA,7500000,,Bulgarie,Razgrad,,Ludogorets
Osmanlispor,2,NA,1.2e+07,6e+05,1.2e+07,Inf,12600000,0.0340620533431625,NA,6e+06,,Turquie,Ankara,,Osmanlispor
Ascoli,1,NA,7500000,375000,7500000,Inf,7875000,0.0212887833394766,NA,7500000,,Italie,Ascoli,,Ascoli
CA Banfield,4,NA,20650000,1032500,20650000,Inf,21682500,0.0586151167946921,NA,5162500,,Argentine,Banfield,,CA Banfield
Le�n,2,NA,13240000,662000,13240000,Inf,13902000,0.0375817988552893,NA,6620000,,Mexique,León,,León
RC Cesena,5,2,26550000,9e+06,17550000,195,35550000,0.0961036505039227,4500000,5310000,,Italie,Cesena,,RC Cesena
Eskisehirspor,2,NA,1.2e+07,6e+05,1.2e+07,Inf,12600000,0.0340620533431625,NA,6e+06,,Turquie,Eskişehir,,Eskisehirspor
Ahly,1,NA,7250000,362500,7250000,Inf,7612500,0.0205791572281607,NA,7250000,,Égypte,Le Caire,,Ahly
M. Tel Aviv,1,NA,7230000,361500,7230000,Inf,7591500,0.0205223871392554,NA,7230000,,Israël,Tel-Aviv,,M. Tel Aviv
Elche CF,3,NA,15200000,760000,15200000,Inf,15960000,0.0431452675680058,NA,5066666.66666667,,Espagne ,Elche,,Elche CF
Pa�os Ferreira,1,NA,7200000,360000,7200000,Inf,7560000,0.0204372320058975,NA,7200000,,Portugal,Paços de Ferreira,,Pa�os Ferreira
Feirense,1,NA,7200000,360000,7200000,Inf,7560000,0.0204372320058975,NA,7200000,,Portugal,Santa Maria da Feira,,Feirense
Atlas,3,NA,16980000,849000,16980000,Inf,17829000,0.0481978054805749,NA,5660000,,Mexique,Guadalajara,,Atlas
1.FC Nuremberg,8,NA,44100000,2205000,44100000,Inf,46305000,0.125178046036122,NA,5512500,,Allemagne,Nuremberg,,1.FC Nuremberg
Austria Vienna,3,1,13500000,2e+06,11500000,575,15500000,0.0419017322872237,2e+06,4500000,,Autriche,Vienne,,Austria Vienna
Red Star,8,1,3.5e+07,2500000,32500000,1300,37500000,0.101375158759412,2500000,4375000,,France,Paris,,Red Star
UNAM Pumas,6,NA,31600000,1580000,31600000,Inf,33180000,0.0896967404703279,NA,5266666.66666667,,Mexique,Mexico,,UNAM Pumas
Deportivo Cali,1,NA,7e+06,350000,7e+06,Inf,7350000,0.0198695311168448,NA,7e+06,,Colombie,Cali,,Deportivo Cali
Sporting Gij�n,3,NA,14800000,740000,14800000,Inf,15540000,0.0420098657899004,NA,4933333.33333333,,Espagne ,Gijón,,Sporting Gij�n
FC Ingolstadt,2,NA,1.2e+07,6e+05,1.2e+07,Inf,12600000,0.0340620533431625,NA,6e+06,,Allemagne,Ingolstadt,,FC Ingolstadt
Peterborough,3,NA,16050000,802500,16050000,Inf,16852500,0.0455579963464798,NA,5350000,,Angleterre,Peterborough,,Peterborough
Shabab,1,1,6800000,9600000,-2800000,-29.1666666666667,16400000,0.0443347360974496,9600000,6800000,,Arabie Saoudite,Riyad,,Shabab
SH Shenxin,1,NA,6750000,337500,6750000,Inf,7087500,0.0191599050055289,NA,6750000,,Chine,Shanghai,,SH Shenxin
UC AlbinoLeffe,3,NA,14100000,705000,14100000,Inf,14805000,0.0400229126782159,NA,4700000,,Italie,Bergame,,UC AlbinoLeffe
MK Dons,1,NA,6630000,331500,6630000,Inf,6961500,0.0188192844720973,NA,6630000,,Angleterre,Milton Keynes,,MK Dons
Hibernian FC,4,NA,16700000,835000,16700000,Inf,17535000,0.0474030242359011,NA,4175000,,Écosse,Édimbourg,,Hibernian FC
NY Red Bulls,1,NA,6500000,325000,6500000,Inf,6825000,0.018450278894213,NA,6500000,,USA,New York,,NY Red Bulls
CFR Cluj,2,NA,12500000,625000,12500000,Inf,13125000,0.0354813055657943,NA,6250000,,Roumanie,Cluj,,CFR Cluj
Inter U19,2,NA,10500000,525000,10500000,Inf,11025000,0.0298042966752672,NA,5250000,,Italie,Milan,,Inter U19
Morelia,2,NA,11360000,568000,11360000,Inf,11928000,0.0322454104981938,NA,5680000,,Mexique,Morelia,,Morelia
CD Cruz Azul,5,3,24300000,15420000,8880000,57.5875486381323,39720000,0.107376568157969,5140000,4860000,,Mexique,Mexico,,CD Cruz Azul
Ternana,2,2,8800000,6180000,2620000,42.3948220064725,14980000,0.0404959967524265,3090000,4400000,,Italie,Terni,,Ternana
Iraty SC,1,NA,6200000,310000,6200000,Inf,6510000,0.017598727560634,NA,6200000,,Brésil,"Paraná,",,Iraty SC
Arezzo,3,NA,13600000,680000,13600000,Inf,14280000,0.0386036604555842,NA,4533333.33333333,,Italie,Arezzo,,Arezzo
Coventry City,2,NA,1e+07,5e+05,1e+07,Inf,10500000,0.0283850444526354,NA,5e+06,,Angleterre,Coventry,,Coventry City
VVV-Venlo,2,NA,1.1e+07,550000,1.1e+07,Inf,11550000,0.0312235488978989,NA,5500000,,Pays-Bas,Venlo,,VVV-Venlo
Tombense,1,NA,6e+06,3e+05,6e+06,Inf,6300000,0.0170310266715812,NA,6e+06,,Brésil,Tombos,,Tombense
Dnipro,1,8,6e+06,47180000,-41180000,-87.2827469266638,53180000,0.143763491808681,5897500,6e+06,,Ukraine,Dnipro,,Dnipro
RS Berkane,1,NA,6e+06,3e+05,6e+06,Inf,6300000,0.0170310266715812,NA,6e+06,,Maroc,Berkane,,RS Berkane
Metalurh D.,3,NA,12550000,627500,12550000,Inf,13177500,0.0356232307880574,NA,4183333.33333333,,Ukraine,Donetsk,,Metalurh D.
Panathinaikos,2,5,8430000,21300000,-12870000,-60.4225352112676,29730000,0.080370225864462,4260000,4215000,,Grèce,Athènes,,Panathinaikos
Nagoya Grampus,1,1,5700000,1.1e+07,-5300000,-48.1818181818182,16700000,0.0451457373675249,1.1e+07,5700000,,Japon,Nagoya,,Nagoya Grampus
Real Valladolid,3,NA,1.5e+07,750000,1.5e+07,Inf,15750000,0.0425775666789531,NA,5e+06,,Espagne ,Valladolid,,Real Valladolid
Arsenal FC,2,NA,9500000,475000,9500000,Inf,9975000,0.0269657922300036,NA,4750000,,Angleterre,Londres,,Arsenal FC
Akhisarspor,1,NA,5500000,275000,5500000,Inf,5775000,0.0156117744489495,NA,5500000,,Turquie,Akhisar,,Akhisarspor
Toluca,1,NA,5500000,275000,5500000,Inf,5775000,0.0156117744489495,NA,5500000,,Mexique,Toluca,,Toluca
DL Yifang,2,3,9700000,38090000,-28390000,-74.5339984247834,47790000,0.129192502322995,12696666.6666667,4850000,,Chine,Dalian,,DL Yifang
Coimbra-MG,3,NA,14400000,720000,14400000,Inf,15120000,0.040874464011795,NA,4800000,,Brésil,Coimbra,,Coimbra-MG
Malm� FF,3,NA,13800000,690000,13800000,Inf,14490000,0.0391713613446369,NA,4600000,,Suède,Malmö,,Malm� FF
Pol. Warsaw,1,NA,5250000,262500,5250000,Inf,5512500,0.0149021483376336,NA,5250000,,Pologne,Varsovie,,Pol. Warsaw
Al Gharafa,1,4,5250000,27200000,-21950000,-80.6985294117647,32450000,0.087723304046478,6800000,5250000,,Qatar,Doha,,Al Gharafa
Goi�s EC,1,NA,5200000,260000,5200000,Inf,5460000,0.0147602231153704,NA,5200000,,Brésil,Goiânia,,Goi�s EC
Hamilton Acad.,1,NA,5100000,255000,5100000,Inf,5355000,0.0144763726708441,NA,5100000,,Angleterre,Hamilton,,Hamilton Acad.
Grosseto,1,NA,5100000,255000,5100000,Inf,5355000,0.0144763726708441,NA,5100000,,Italie,Grosseto,,Grosseto
Junior FC,1,NA,5100000,255000,5100000,Inf,5355000,0.0144763726708441,NA,5100000,,Colombie,Barranquilla,,Junior FC
Coritiba FC,1,NA,5e+06,250000,5e+06,Inf,5250000,0.0141925222263177,NA,5e+06,,Brésil,Curitiba,,Coritiba FC
Treviso,2,NA,8800000,440000,8800000,Inf,9240000,0.0249788391183192,NA,4400000,,Italie,Trévise,,Treviso
Tom Tomsk,1,1,5e+06,2e+06,3e+06,150,7e+06,0.0189233629684236,2e+06,5e+06,,Russie,Tomsk,,Tom Tomsk
Willem II,1,NA,5e+06,250000,5e+06,Inf,5250000,0.0141925222263177,NA,5e+06,,Pays-Bas,Tilbourg,,Willem II
Manisaspor,2,1,9e+06,2500000,6500000,260,11500000,0.0310883820195531,2500000,4500000,,Turquie,Manisa,,Manisaspor
Troyes,2,NA,1e+07,5e+05,1e+07,Inf,10500000,0.0283850444526354,NA,5e+06,,France,Troyes,,Troyes
Kalmar FF,1,NA,5e+06,250000,5e+06,Inf,5250000,0.0141925222263177,NA,5e+06,,Suède,Kalmar,,Kalmar FF
FK Lyn,1,NA,5e+06,250000,5e+06,Inf,5250000,0.0141925222263177,NA,5e+06,,Norvège,Oslo,,FK Lyn
Valenciennes FC,3,NA,13500000,675000,13500000,Inf,14175000,0.0383198100110578,NA,4500000,,France,Valenciennes,,Valenciennes FC
Rapid Bucharest,3,NA,12300000,615000,12300000,Inf,12915000,0.0349136046767416,NA,4100000,,Roumanie,Bucharest,,Rapid Bucharest
Aalesund,1,NA,5e+06,250000,5e+06,Inf,5250000,0.0141925222263177,NA,5e+06,,Norvège,Aalesund,,Aalesund
Novara,1,NA,5e+06,250000,5e+06,Inf,5250000,0.0141925222263177,NA,5e+06,,Italie,Novare,,Novara
Dinamo Bukarest,2,NA,9500000,475000,9500000,Inf,9975000,0.0269657922300036,NA,4750000,,Roumanie,Bucharest,,Dinamo Bukarest
Pohang Steelers,1,NA,5e+06,250000,5e+06,Inf,5250000,0.0141925222263177,NA,5e+06,,Corée du Sud,Pohang,,Pohang Steelers
Portimonense,1,NA,5e+06,250000,5e+06,Inf,5250000,0.0141925222263177,NA,5e+06,,Portugal,Portimão,,Portimonense
Cittadella,2,NA,8800000,440000,8800000,Inf,9240000,0.0249788391183192,NA,4400000,,Italie,Padoue,,Cittadella
Perugia,1,NA,5e+06,250000,5e+06,Inf,5250000,0.0141925222263177,NA,5e+06,,Italie,Pérouse,,Perugia
Barcelona SC,1,NA,4950000,247500,4950000,Inf,5197500,0.0140505970040545,NA,4950000,,Équateur,Guayaquil,,Barcelona SC
Necaxa,1,NA,4800000,240000,4800000,Inf,5040000,0.013624821337265,NA,4800000,,Mexique,Aguascalientes,,Necaxa
KSC Lokeren,1,NA,4800000,240000,4800000,Inf,5040000,0.013624821337265,NA,4800000,,Belgique,Lokeren,,KSC Lokeren
Helsingborg,2,1,7500000,1500000,6e+06,400,9e+06,0.0243300381022589,1500000,3750000,,Suède,Helsingborg,,Helsingborg
Ferencv�ros,1,NA,4800000,240000,4800000,Inf,5040000,0.013624821337265,NA,4800000,,Hongrie,Budapest,,Ferencv�ros
Lech Poznan,2,NA,8250000,412500,8250000,Inf,8662500,0.0234176616734242,NA,4125000,,Pologne,Poznań,,Lech Poznan
EC Bahia,1,NA,4750000,237500,4750000,Inf,4987500,0.0134828961150018,NA,4750000,,Brésil,Bahia,,EC Bahia
VfL Bochum,1,NA,4700000,235000,4700000,Inf,4935000,0.0133409708927386,NA,4700000,,Allemagne,Bochum,,VfL Bochum
Piacenza,2,NA,8700000,435000,8700000,Inf,9135000,0.0246949886737928,NA,4350000,,Italie,Plaisance,,Piacenza
Odense BK,1,NA,4700000,235000,4700000,Inf,4935000,0.0133409708927386,NA,4700000,,Danemark,Odense,,Odense BK
Paran�,1,NA,4700000,235000,4700000,Inf,4935000,0.0133409708927386,NA,4700000,,Brésil,Paraná,,Paran�
Torpedo Moscow,3,NA,9500000,475000,9500000,Inf,9975000,0.0269657922300036,NA,3166666.66666667,,Russie,Moscou,,Torpedo Moscow
Colchester Utd.,1,NA,4500000,225000,4500000,Inf,4725000,0.0127732700036859,NA,4500000,,Angleterre,Colchester,,Colchester Utd.
Slavia Prag,2,NA,8300000,415000,8300000,Inf,8715000,0.0235595868956874,NA,4150000,,République Tchèque,Prague,,Slavia Prag
FK Moskau,4,3,1.7e+07,7800000,9200000,117.948717948718,24800000,0.0670427716595579,2600000,4250000,,Russie,Moscou,,FK Moskau
Molde FK,1,NA,4500000,225000,4500000,Inf,4725000,0.0127732700036859,NA,4500000,,Norvège,Molde,,Molde FK
Belgrano,1,NA,4500000,225000,4500000,Inf,4725000,0.0127732700036859,NA,4500000,,Argentine,Buenos Aires,,Belgrano
RNK Split,1,NA,4500000,225000,4500000,Inf,4725000,0.0127732700036859,NA,4500000,,Croatie,Split,,RNK Split
QD Jonoon,1,NA,4500000,225000,4500000,Inf,4725000,0.0127732700036859,NA,4500000,,Chine,Qingdao,,QD Jonoon
Legia Warszawa,2,NA,8550000,427500,8550000,Inf,8977500,0.0242692130070033,NA,4275000,,Pologne,Varsovie,,Legia Warszawa
Quilmes,1,NA,4250000,212500,4250000,Inf,4462500,0.01206364389237,NA,4250000,,Argentine,Buenos Aires,,Quilmes
Esperance,1,NA,4250000,212500,4250000,Inf,4462500,0.01206364389237,NA,4250000,,Tunisie,Tunis,,Esperance
Grasshoppers,2,NA,6200000,310000,6200000,Inf,6510000,0.017598727560634,NA,3100000,,Suisse,Berne,,Grasshoppers
Pe�arol,2,NA,7560000,378000,7560000,Inf,7938000,0.0214590936061924,NA,3780000,,Uruguay,Montevideo,,Pe�arol
SC Bastia,2,NA,8e+06,4e+05,8e+06,Inf,8400000,0.0227080355621083,NA,4e+06,,France,Bastia,,SC Bastia
Alav�s,1,NA,4e+06,2e+05,4e+06,Inf,4200000,0.0113540177810542,NA,4e+06,,Espagne ,Vitoria-Gasteiz,,Alav�s
IFK G�teborg,1,NA,4e+06,2e+05,4e+06,Inf,4200000,0.0113540177810542,NA,4e+06,,Suède,Göteborg,,IFK G�teborg
FK Teplice,1,NA,4e+06,2e+05,4e+06,Inf,4200000,0.0113540177810542,NA,4e+06,,République Tchèque,Teplice,,FK Teplice
Stabaek IF,2,NA,6e+06,3e+05,6e+06,Inf,6300000,0.0170310266715812,NA,3e+06,,Norvège,Bærum,,Stabaek IF
Toronto FC,1,2,4e+06,14700000,-10700000,-72.7891156462585,18700000,0.0505524125013602,7350000,4e+06,,USA,Toronto,,Toronto FC
Sparta R.,1,NA,4e+06,2e+05,4e+06,Inf,4200000,0.0113540177810542,NA,4e+06,,Pays-Bas,Rotterdam,,Sparta R.
Neuch�tel Xamax,1,NA,4e+06,2e+05,4e+06,Inf,4200000,0.0113540177810542,NA,4e+06,,Suisse,Neuchâtel,,Neuch�tel Xamax
CD Godoy Cruz,1,NA,4e+06,2e+05,4e+06,Inf,4200000,0.0113540177810542,NA,4e+06,,Argentine,Godoy Cruz,,CD Godoy Cruz
EC Vit�ria,1,NA,4e+06,2e+05,4e+06,Inf,4200000,0.0113540177810542,NA,4e+06,,Brésil,Bahia,,EC Vit�ria
Tigre,1,NA,12700000,47750000,-35050000,-73.4031413612565,60450000,0.163416755920172,NA,12700000,,Mexique,Nuevo León,,Tigre
PAOK Saloniki,1,NA,4e+06,2e+05,4e+06,Inf,4200000,0.0113540177810542,NA,4e+06,,Grèce,Thessalonique,,PAOK Saloniki
H�rcules CF,1,1,4e+06,3500000,5e+05,14.2857142857143,7500000,0.0202750317518824,3500000,4e+06,,Espagne ,Alicante,,H�rcules CF
1.FC K'lautern,2,NA,7800000,390000,7800000,Inf,8190000,0.0221403346730556,NA,3900000,,Allemagne,Kaiserslautern,,1.FC K'lautern
Genclerbirligi,1,NA,4e+06,2e+05,4e+06,Inf,4200000,0.0113540177810542,NA,4e+06,,Turquie,Ankara,,Genclerbirligi
Rentistas,1,NA,4e+06,2e+05,4e+06,Inf,4200000,0.0113540177810542,NA,4e+06,,Uruguay,Montevideo,,Rentistas
Viktoria Plzen,1,NA,4e+06,2e+05,4e+06,Inf,4200000,0.0113540177810542,NA,4e+06,,République Tchèque,Plzeň,,Viktoria Plzen
KS Samara,1,NA,4e+06,2e+05,4e+06,Inf,4200000,0.0113540177810542,NA,4e+06,,Russie,Samara,,KS Samara
Rimini,1,NA,3930000,196500,3930000,Inf,4126500,0.0111553224698857,NA,3930000,,Italie,Rimini,,Rimini
AEK Athens,2,NA,7300000,365000,7300000,Inf,7665000,0.0207210824504238,NA,3650000,,Grèce,Athènes,,AEK Athens
Vasco U17,1,NA,3800000,190000,3800000,Inf,3990000,0.0107863168920015,NA,3800000,,Brésil,São Paulo,,Vasco U17
Wisla Krak�w,3,NA,8700000,435000,8700000,Inf,9135000,0.0246949886737928,NA,2900000,,Pologne,Cracovie,,Wisla Krak�w
Sheff Wed,1,1,3790000,11700000,-7910000,-67.6068376068376,15490000,0.0418746989115545,11700000,3790000,,Angleterre,Sheffield,,Sheff Wed
Kasimpasa,1,NA,3750000,187500,3750000,Inf,3937500,0.0106443916697383,NA,3750000,,Turquie,Istanbul,,Kasimpasa
SK Brann,1,1,3670000,2e+06,1670000,83.5,5670000,0.0153279240044231,2e+06,3670000,,Norvège,Bergen,,SK Brann
Audax Italiano,2,NA,7100000,355000,7100000,Inf,7455000,0.0201533815613711,NA,3550000,,Chili,Santiago,,Audax Italiano
Col�n,2,NA,6900000,345000,6900000,Inf,7245000,0.0195856806723184,NA,3450000,,Argentine,Santa Fe,,Col�n
Kashiwa Reysol,1,2,3500000,6500000,-3e+06,-46.1538461538462,1e+07,0.0270333756691766,3250000,3500000,,Japon,Kashiwa,,Kashiwa Reysol
Rosenborg BK,1,NA,3500000,175000,3500000,Inf,3675000,0.00993476555842239,NA,3500000,,Norvège,Trondheim,,Rosenborg BK
Elfsborg,1,NA,3500000,175000,3500000,Inf,3675000,0.00993476555842239,NA,3500000,,Suède,Borås,,Elfsborg
FC Bayern II,1,NA,3500000,175000,3500000,Inf,3675000,0.00993476555842239,NA,3500000,,Allemagne,Munich,,FC Bayern II
Metalurh Z.,1,NA,3100000,155000,3100000,Inf,3255000,0.00879936378031698,NA,3100000,,Ukraine,Zaporijia,,Metalurh Z.
Revolution,1,NA,3e+06,150000,3e+06,Inf,3150000,0.00851551333579062,NA,3e+06,,USA,Nouvelle-Angleterre,,Revolution
�rgryte,1,NA,3e+06,150000,3e+06,Inf,3150000,0.00851551333579062,NA,3e+06,,Suède,Göteborg,,�rgryte
Gimnasia,1,NA,3e+06,150000,3e+06,Inf,3150000,0.00851551333579062,NA,3e+06,,Argentine,La Plata,,Gimnasia
Arsenal U23,1,NA,3e+06,150000,3e+06,Inf,3150000,0.00851551333579062,NA,3e+06,,Angleterre,Londres,,Arsenal U23
Cobreloa,1,NA,3e+06,150000,3e+06,Inf,3150000,0.00851551333579062,NA,3e+06,,Chili,Calama,,Cobreloa
Cerro Porte�o,1,NA,2700000,135000,2700000,Inf,2835000,0.00766396200221156,NA,2700000,,Paraguay,Asuncion,,Cerro Porte�o
JEF Utd. Chiba,1,NA,2700000,135000,2700000,Inf,2835000,0.00766396200221156,NA,2700000,,Japon,Ichihara,,JEF Utd. Chiba
Sheriff,1,NA,2600000,130000,2600000,Inf,2730000,0.00738011155768521,NA,2600000,,Moldavie,Tiraspol,,Sheriff
Kashima Antlers,1,NA,2500000,125000,2500000,Inf,2625000,0.00709626111315885,NA,2500000,,Japon,Kashima,,Kashima Antlers
Albacete,1,NA,2500000,125000,2500000,Inf,2625000,0.00709626111315885,NA,2500000,,Espagne ,Albacete,,Albacete
Valerenga,1,NA,2400000,120000,2400000,Inf,2520000,0.0068124106686325,NA,2400000,,Norvège,Oslo,,Valerenga
Modena,1,NA,2250000,112500,2250000,Inf,2362500,0.00638663500184297,NA,2250000,,Italie,Modène,,Modena
KSK Beveren,1,NA,2200000,110000,2200000,Inf,2310000,0.00624470977957979,NA,2200000,,Belgique,Beveren,,KSK Beveren
Grodzisk,1,NA,2e+06,1e+05,2e+06,Inf,2100000,0.00567700889052708,NA,2e+06,,Pologne,Grodzisk,,Grodzisk
Mar�timo,1,NA,2e+06,1e+05,2e+06,Inf,2100000,0.00567700889052708,NA,2e+06,,Portugal,Madère,,Mar�timo
Arm. Bielefeld,1,NA,2e+06,1e+05,2e+06,Inf,2100000,0.00567700889052708,NA,2e+06,,Allemagne,Bielefeld,,Arm. Bielefeld
Lok. Plovdiv,1,NA,2e+06,1e+05,2e+06,Inf,2100000,0.00567700889052708,NA,2e+06,,Bulgarie,Plovdiv,,Lok. Plovdiv
Zbrojovka Brno,1,NA,2e+06,1e+05,2e+06,Inf,2100000,0.00567700889052708,NA,2e+06,,République Tchèque,Brno,,Zbrojovka Brno
Chicago Fire,1,NA,1500000,75000,1500000,Inf,1575000,0.00425775666789531,NA,1500000,,USA,Chicago,,Chicago Fire
Egaleo AO,1,NA,1500000,75000,1500000,Inf,1575000,0.00425775666789531,NA,1500000,,Grèce,Egaleo,,Egaleo AO
�sters IF,1,NA,1500000,75000,1500000,Inf,1575000,0.00425775666789531,NA,1500000,,Suède,Växjö,,�sters IF
SIPG,NA,6,0,155900000,-155900000,-100,155900000,0.421450326682463,25983333.3333333,NA,,Chine,Shanghai,,SIPG
TJ Quanjian,NA,8,0,119940000,-119940000,-100,119940000,0.324238307776104,14992500,NA,,Chine,Tianjin,,TJ Quanjian
CC Yatai,NA,1,0,23300000,-23300000,-100,23300000,0.0629877653091814,23300000,NA,,Chine,Changchun,,CC Yatai
HB CFFC,NA,15,0,150170000,-150170000,-100,150170000,0.405960202424025,10011333.3333333,NA,,Chine,Hebei,,HB CFFC
SH Shenhua,NA,7,0,67580000,-67580000,-100,67580000,0.182691552772295,9654285.71428571,NA,,Chine,Shanghai,,SH Shenhua
Atlanta United,NA,2,0,19780000,-19780000,-100,19780000,0.0534720170736313,9890000,NA,,USA,"Atlanta, Georgie",,Atlanta United
TJ Teda,NA,2,0,19250000,-19250000,-100,19250000,0.0520392481631649,9625000,NA,,Chine,Tianjin,,TJ Teda
CQ Dangdai Lif.,NA,1,0,1.2e+07,-1.2e+07,-100,1.2e+07,0.0324400508030119,1.2e+07,NA,,Chine,Chongqing,,CQ Dangdai Lif.
El-Jaish,NA,5,0,36500000,-36500000,-100,36500000,0.0986718211924945,7300000,NA,,Qatar,Doha,,El-Jaish
SZ FC,NA,2,0,18500000,-18500000,-100,18500000,0.0500117449879767,9250000,NA,,Chine,Shenzhen,,SZ FC
Ahli,NA,2,10500000,89240000,-78740000,-88.2339757956073,99740000,0.269630888924367,44620000,NA,,Qatar,Doha,,Ahli
Nasr,NA,5,0,43400000,-43400000,-100,43400000,0.117324850404226,8680000,NA,,Arabie Saoudite,Riyad,,Nasr
Pyramids FC,NA,3,0,18900000,-18900000,-100,18900000,0.0510930800147437,6300000,NA,,Égypte,Le Caire,,Pyramids FC
Ittihad,NA,2,0,12700000,-12700000,-100,12700000,0.0343323870998543,6350000,NA,,Arabie Saoudite,Djeddah,,Ittihad
Al-Nasr,NA,1,0,8e+06,-8e+06,-100,8e+06,0.0216267005353413,8e+06,NA,,Arabie Saoudite,Riyad,,Al-Nasr
Sounders FC	,NA,2,0,13160000,-13160000,-100,13160000,0.0355759223806364,6580000,NA,,USA,Seattle,,Sounders FC	
Benfica B,NA,1,0,6600000,-6600000,-100,6600000,0.0178420279416565,6600000,NA,,Portugal,Lisbonne,,Benfica B
Los Angeles,NA,2,0,15800000,-15800000,-100,15800000,0.042712733557299,7900000,NA,,USA,Los Angeles,,Los Angeles
Sharjah FC,NA,1,0,6e+06,-6e+06,-100,6e+06,0.0162200254015059,6e+06,NA,,UAE,Charjah,,Sharjah FC
Umm Salal,NA,1,0,5700000,-5700000,-100,5700000,0.0154090241314306,5700000,NA,,Qatar,Umm Salal,,Umm Salal
Los Angeles FC,NA,1,0,5700000,-5700000,-100,5700000,0.0154090241314306,5700000,NA,,USA,Los Angeles,,Los Angeles FC
Al Duhail,NA,5,0,22050000,-22050000,-100,22050000,0.0596085933505344,4410000,NA,,Qatar,Doha,,Al Duhail
Real Murcia,NA,1,0,5e+06,-5e+06,-100,5e+06,0.0135166878345883,5e+06,NA,,Espagne ,Murcie,,Real Murcia
Al-Wahda FC,NA,1,0,5e+06,-5e+06,-100,5e+06,0.0135166878345883,5e+06,NA,,UAE,Abou Dabi,,Al-Wahda FC
Padova,NA,1,0,5e+06,-5e+06,-100,5e+06,0.0135166878345883,5e+06,NA,,Italie,Padoue,,Padova
Urawa Reds,NA,3,0,10200000,-10200000,-100,10200000,0.0275740431825601,3400000,NA,,Japon,Saitama,,Urawa Reds
Girona FC,NA,2,0,1e+07,-1e+07,-100,1e+07,0.0270333756691766,5e+06,NA,,Espagne ,Gérone,,Girona FC
Benevento,NA,1,0,5e+06,-5e+06,-100,5e+06,0.0135166878345883,5e+06,NA,,Italie,Bénévent ,,Benevento
SPAL,NA,1,0,4800000,-4800000,-100,4800000,0.0129760203212048,4800000,NA,,Italie,Ferrare,,SPAL
Akhmat Grozny,NA,1,0,4500000,-4500000,-100,4500000,0.0121650190511295,4500000,NA,,Russie,Grozny,,Akhmat Grozny
Al-Wasl,NA,1,0,4100000,-4100000,-100,4100000,0.0110836840243624,4100000,NA,,UAE,Dubaï,,Al-Wasl
Saturn,NA,1,0,4e+06,-4e+06,-100,4e+06,0.0108133502676706,4e+06,NA,,Russie,Ramenskoïe,,Saturn
Milan U19,NA,1,0,4e+06,-4e+06,-100,4e+06,0.0108133502676706,4e+06,NA,,Italie,Milan,,Milan U19
Al-Shabab,NA,1,0,3600000,-3600000,-100,3600000,0.00973201524090357,3600000,NA,,Arabie Saoudite,Riyad,,Al-Shabab
Tiburones Rojos,NA,1,0,2500000,-2500000,-100,2500000,0.00675834391729414,2500000,NA,,Mexique,Veracruz,,Tiburones Rojos
Suwon Bluewings,NA,1,0,2e+06,-2e+06,-100,2e+06,0.00540667513383532,2e+06,NA,,Corée du Sud,Suwon,,Suwon Bluewings
Ulsan,NA,1,0,2e+06,-2e+06,-100,2e+06,0.00540667513383532,2e+06,NA,,Corée du Sud,Ulsan,,Ulsan
Al Ahli,NA,1,0,2e+06,-2e+06,-100,2e+06,0.00540667513383532,2e+06,NA,,Qatar,Doha,,Al Ahli
