"Clubs",seller,buyer,sells,buys,PV,ROI,VolumeCash,poidsmarket,achat_moyen,vente_moyen,Pays,Ville,lon,lat
FC Barcelona,25,49,616750000,1357690000,-740940000,-54.5735771788847,1974440000,5.3375778256249,27707959.1836735,24670000,Espagne,Barcelone,2.0775232881348,41.4218301175949
Monaco,35,47,835380000,594810000,240570000,40.4448479346346,1430190000,3.86628635482997,12655531.9148936,23868000,France,Monaco,7.4197576,43.7311424
Liverpool,45,67,720810000,1258470000,-537660000,-42.723306872631,1979280000,5.35066197944878,18783134.3283582,16018000,Angleterre,Liverpool,-3.01904219845027,53.4434674867325
Real Madrid,47,63,798850000,1346100000,-547250000,-40.65448332219,2144950000,5.79852391416003,21366666.6666667,16996808.5106383,Espagne,Madrid,-3.60674615579143,40.307547202825
Bor. Dortmund,29,37,544800000,450400000,94400000,20.9591474245115,995200000,2.69036154659645,12172972.972973,18786206.8965517,Allemagne,Dortmund,7.4652789,51.5142273
Juventus,47,71,603180000,1150380000,-547200000,-47.5668909403849,1753560000,4.74046462384413,16202535.2112676,12833617.0212766,Italie,Turin,7.75043714667512,45.1210484820598
Spurs,56,72,674200000,892260000,-218060000,-24.4390648465694,1566460000,4.23467016507383,12392500,12039285.7142857,Angleterre,Londres,-0.191014754050279,51.4877954206626
Man Utd,29,48,397990000,1235280000,-837290000,-67.7813936921184,1633270000,4.4152801479196,25735000,13723793.1034483,Angleterre,Manchester,-2.13161278057973,53.4725988493453
SSC Napoli,16,52,344150000,572950000,-228800000,-39.9336765860895,917100000,2.47923088262018,11018269.2307692,21509375,Italie,Naples,14.2487826,40.8359336
Santos FC,16,5,241400000,30500000,210900000,691.475409836066,271900000,0.735037484444911,6100000,15087500,Brésil,Santos,-46.333889,-23.960833
Everton,23,45,362600000,610370000,-247770000,-40.593410554254,972970000,2.63026635248387,13563777.7777778,15765217.3913043,Angleterre,Liverpool,-3.08510020415947,53.2983672479809
Southampton,21,32,428180000,404490000,23690000,5.85675789265495,832670000,2.25098809184533,12640312.5,20389523.8095238,Angleterre,Southampton,-1.404189,50.9025349
VfL Wolfsburg,17,44,311350000,439150000,-127800000,-29.101673687806,750500000,2.0288548439717,9980681.81818182,18314705.8823529,Allemagne,Wolfsburg,10.7861682,52.4205588
Inter,49,66,759880000,899890000,-140010000,-15.5585682694552,1659770000,4.48691859344292,13634696.969697,15507755.1020408,Italie,Milan,9.28591468178209,45.4012543862051
Leicester,7,20,174900000,293600000,-118700000,-40.4291553133515,468500000,1.26651365010092,14680000,24985714.2857143,Angleterre,Leicester,-1.1330789,52.6361398
Chelsea,48,63,784780000,1360800000,-576020000,-42.3295120517343,2145580000,5.80022701682719,21600000,16349583.3333333,Angleterre,Londres,-0.24129807448467,51.4017056440945
AC Milan,33,48,405850000,647900000,-242050000,-37.3591603642537,1053750000,2.84864196113948,13497916.6666667,12298484.8484848,Italie,Milan,9.13388735371184,45.4725497770607
Athletic Bilbao,5,8,1.59e+08,93300000,65700000,70.4180064308682,252300000,0.682052068133325,11662500,31800000,Espagne,Bilbao,-2.9349915,43.2630051
AS Roma,37,60,623700000,603080000,20620000,3.41911520859587,1226780000,3.31640046034324,10051333.3333333,16856756.7567568,Italie,Rome,12.4724718061399,41.9215462364059
RB Leipzig,4,15,93200000,188200000,-9.5e+07,-50.4782146652497,281400000,0.760719191330629,12546666.6666667,23300000,Allemagne,Leipzig,12.3747329,51.3406321
Shakhtar D.,19,24,364200000,220850000,143350000,64.9083088068825,585050000,1.58158764352518,9202083.33333333,19168421.0526316,Ukraine,Donetsk,37.9196663723732,47.9482470827536
Zenit S-Pb,15,35,204300000,413500000,-209200000,-50.5925030229746,617800000,1.67012194884173,11814285.7142857,13620000,Russie,Saint-Petersbourg,30.316229,59.938732
Olympique Lyon,33,40,482900000,396250000,86650000,21.8675078864353,879150000,2.37663922195566,9906250,14633333.3333333,France,Lyon,4.8320114,45.7578137
FC Schalke 04,15,22,189500000,207200000,-17700000,-8.54247104247104,396700000,1.07241401279623,9418181.81818182,12633333.3333333,Allemagne,Schalke,10.4064349,51.829592
Swansea,17,16,239440000,170300000,69140000,40.5989430416911,409740000,1.10766553466884,10643750,14084705.8823529,Angleterre,Swansea,-3.9467751,51.6211442
Aston Villa,18,41,205500000,353380000,-147880000,-41.8473031863716,558880000,1.51084129939894,8619024.3902439,11416666.6666667,Angleterre,Birmingham,-1.89462967482644,52.3764209216798
FC Porto,48,37,799700000,281080000,518620000,184.509748114416,1080780000,2.92171317557327,7596756.75675676,16660416.6666667,Portugal,Porto,-8.6107884,41.1494512
Bor. M'gladbach,13,19,167450000,174300000,-6850000,-3.93000573723465,341750000,0.92386561349411,9173684.21052632,12880769.2307692,Allemagne,Mönchengladbach,6.4353641,51.1946983
Flamengo,7,4,77450000,2.5e+07,52450000,209.8,102450000,0.276956933730714,6250000,11064285.7142857,Brésil,Rio de Janeiro,-43.1307475122938,-22.9500146998158
Valencia CF,31,47,479300000,546800000,-67500000,-12.3445501097293,1026100000,2.77389467741421,11634042.5531915,15461290.3225806,Espagne,Valencia,-0.3759513,39.4699014
Atlético Madrid,41,59,632650000,866010000,-233360000,-26.9465710557615,1498660000,4.05138387803682,14678135.5932203,15430487.804878,Espagne,Madrid,-3.73948385307983,40.429480885479
US Palermo,29,27,291300000,1.65e+08,126300000,76.5454545454545,456300000,1.23353293178453,6111111.11111111,10044827.5862069,Italie,Palerme,13.3524434,38.1112268
Newcastle,31,47,375750000,447130000,-71380000,-15.964037304587,822880000,2.2245224170652,9513404.25531915,12120967.7419355,Angleterre,Newcastle,-1.6131572,54.9738474
TSG Hoffenheim,12,19,1.63e+08,112800000,50200000,44.5035460992908,275800000,0.74558050095589,5936842.10526316,13583333.3333333,Allemagne,Hoffenheim,8.8443646,49.2728352
G. Bordeaux,16,12,153950000,80900000,73050000,90.2966625463535,234850000,0.634878827590612,6741666.66666667,9621875,France,Bordeaux,-0.5800364,44.841225
São Paulo,19,6,187060000,41400000,145660000,351.835748792271,228460000,0.617604500538008,6900000,9845263.15789474,Brésil,São Paulo,-46.519223952671,-23.466343656727
Benfica,44,34,732720000,267050000,465670000,174.375585096424,999770000,2.70271579927727,7854411.76470588,16652727.2727273,Portugal,Lisbonne,-9.18474942863884,38.6531205903508
Sporting CP,21,18,269700000,101150000,168550000,166.633712308453,370850000,1.00253273669141,5619444.44444444,12842857.1428571,Portugal,Lisbonne,-9.24763730938512,38.7176610275686
Fiorentina,28,47,359350000,343350000,1.6e+07,4.65996796272026,702700000,1.89963530827304,7305319.14893617,12833928.5714286,Italie,Florence,11.2555757,43.7698712
Villarreal CF,30,42,361640000,370250000,-8610000,-2.32545577312627,731890000,1.97854573185136,8815476.19047619,12054666.6666667,Espagne,Vila-real,-0.0911338,39.9341153
GZ Evergrande,4,16,70900000,164250000,-93350000,-56.8340943683409,235150000,0.635689828860687,10265625,17725000,Chine,Canton,113.287269055288,23.1716284802502
AFC Ajax,28,23,382130000,166100000,216030000,130.060204695966,548230000,1.48205075431127,7221739.13043478,13647500,Pays-Bas,Amsterdam,4.89797550561798,52.3745403
Bayern Munich,21,39,287700000,703900000,-416200000,-59.1277170052564,991600000,2.68062953135555,18048717.9487179,13700000,Allemagne,Munich,11.6882721453022,48.1244372068632
Watford,11,21,115400000,205160000,-89760000,-43.751218561123,320560000,0.866581890451124,9769523.80952381,10490909.0909091,Angleterre,Watford,-0.3957425,51.6553875
Marseille,24,41,268250000,352500000,-84250000,-23.9007092198582,620750000,1.67809679466414,8597560.97560976,11177083.3333333,France,Marseille,5.3699525,43.2961743
Arsenal,30,45,460250000,759030000,-298780000,-39.3633980211586,1219280000,3.29612542859136,16867333.3333333,15341666.6666667,Angleterre,Londres,-0.23432961058324,51.409311188684
Lazio,17,29,226990000,2.26e+08,990000,0.438053097345133,452990000,1.22458488443803,7793103.44827586,13352352.9411765,Italie,Rome,12.4709239436623,41.9994961554733
Sevilla FC,34,47,541100000,381400000,159700000,41.8720503408495,922500000,2.49382890548154,8114893.61702128,15914705.8823529,Espagne,Seville,-5.99905890194951,37.3210465509851
Anzhi,16,20,197500000,229700000,-32200000,-14.018284719199,427200000,1.15486580858722,11485000,12343750,Russie,Makhatchkala,47.5048717,42.9830241
LOSC Lille,27,15,319010000,1.16e+08,203010000,175.008620689655,435010000,1.17597887498485,7733333.33333333,11815185.1851852,France,Lille,3.0706414,50.6305089
Paris SG,25,47,310200000,1125250000,-815050000,-72.4327927127305,1435450000,3.88050591043195,23941489.3617021,12408000,France,Paris,2.33093062725155,48.7611473834243
PSV Eindhoven,22,22,225880000,121800000,104080000,85.4515599343186,347680000,0.939896405265931,5536363.63636364,10267272.7272727,Pays-Bas,Eindhoven,5.478633,51.4392648
Internacional,21,7,207500000,40440000,167060000,413.105835806133,247940000,0.670265516341564,5777142.85714286,9880952.38095238,Brésil,Porto Alegre,-51.2265059346008,-30.0937918421867
Real Sociedad,9,11,163800000,88700000,75100000,84.6674182638106,252500000,0.682592735646709,8063636.36363636,18200000,Espagne,Saint-Sebastien,-1.9838889,43.3224219
Palmeiras,11,3,90500000,21850000,68650000,314.187643020595,112350000,0.303719975643199,7283333.33333333,8227272.72727273,Brésil,Bahia,-41.9811382054269,-12.2643514199162
Man City,37,72,412250000,1695160000,-1282910000,-75.6807616980108,2107410000,5.69704062189794,23543888.8888889,11141891.8918919,Angleterre,Manchester,-2.24536787960808,53.4723842919583
Grêmio,13,3,124840000,15750000,109090000,692.634920634921,140590000,0.380062228532954,5250000,9603076.92307692,Brésil,Porto Alegre,-51.2271175136278,-30.0929510117935
Dinamo Moscow,13,28,1.11e+08,201500000,-90500000,-44.9131513647643,312500000,0.844792989661768,7196428.57142857,8538461.53846154,Russie,Moscou,37.6680053613257,55.6581702772227
VfB Stuttgart,17,18,170900000,96900000,7.4e+07,76.3673890608875,267800000,0.723953800420549,5383333.33333333,10052941.1764706,Allemagne,Stuttgart,9.1800132,48.7784485
Málaga CF,15,7,155500000,55800000,99700000,178.673835125448,211300000,0.571215227889701,7971428.57142857,10366666.6666667,Espagne,Malaga,-4.4216366,36.7213028
Bay. Leverkusen,22,30,272710000,302180000,-29470000,-9.7524654179628,574890000,1.55412173384529,10072666.6666667,12395909.0909091,Allemagne,Leverkusen,6.9881194,51.0324743
OGC Nice,12,7,158400000,4.7e+07,111400000,237.021276595745,205400000,0.555265536244887,6714285.71428571,13200000,France,Nice,7.2683912,43.7009358
Sampdoria,22,21,260740000,162300000,98440000,60.6531115218731,423040000,1.14361992430885,7728571.42857143,11851818.1818182,Italie,Gênes,8.96666254608055,44.3730070482588
CSKA Moscow,13,16,181400000,101900000,79500000,78.01766437684,283300000,0.765855532707773,6368750,13953846.1538462,Russie,Moscou,37.6786997596655,55.8021887391691
Real Betis,12,18,154500000,129200000,25300000,19.5820433436533,283700000,0.76693686773454,7177777.77777778,12875000,Espagne,Seville,-5.95581670886158,37.4425330760364
West Ham,21,49,235200000,488840000,-253640000,-51.8860977006792,724040000,1.95732453195106,9976326.53061225,11200000,Angleterre,Londres,-0.185187733420038,51.5769761916074
1. FC Köln,7,4,83500000,38500000,4.5e+07,116.883116883117,1.22e+08,0.329807183163954,9625000,11928571.4285714,Allemagne,Cologne,6.959974,50.938361
Crystal Palace,6,17,71150000,199320000,-128170000,-64.30363234999,270470000,0.731171711724219,11724705.8823529,11858333.3333333,Angleterre,Londres,-0.0553705534384191,51.4449624627653
Burnley,10,7,89330000,78100000,11230000,14.3790012804097,167430000,0.452619808829023,11157142.8571429,8933000,Angleterre,Burnley,-2.2439196,53.7907262
Sunderland,16,35,157800000,307120000,-149320000,-48.6194321437874,464920000,1.25683570161136,8774857.14285714,9862500,Angleterre,Sunderland,-1.375053,54.9063791
1.FSV Mainz 05,14,6,1.37e+08,35800000,101200000,282.68156424581,172800000,0.467136731563371,5966666.66666667,9785714.28571429,Allemagne,Mayence,8.2762513,50.0012314
Werder Bremen,22,20,201400000,109300000,92100000,84.263494967978,310700000,0.839926982041316,5465000,9154545.45454546,Allemagne,Breme,8.8071646,53.0758196
Udinese Calcio,45,22,432900000,118500000,314400000,265.316455696203,551400000,1.4906203343984,5386363.63636364,9620000,Italie,Udine,13.2358377,46.0634632
Parma,24,15,164380000,81230000,83150000,102.363658746768,245610000,0.663966739810646,5415333.33333333,6849166.66666667,Italie,Parme,10.3280833,44.8013678
Genoa,46,42,399350000,257380000,141970000,55.1596860672935,656730000,1.77536288032183,6128095.23809524,8681521.73913044,Italie,Gênes,8.91506071260294,44.4751326497479
Atlético-MG,9,4,70860000,22150000,48710000,219.909706546275,93010000,0.251437427099011,5537500,7873333.33333333,Brésil,Belo Horizonte,-43.9201029505999,-19.817184606171
RSC Anderlecht,20,6,180050000,28700000,151350000,527.351916376307,208750000,0.564321717094061,4783333.33333333,9002500,Belgique,Bruxelles,4.351697,50.8465573
Dynamo Kyiv,14,27,138680000,1.79e+08,-40320000,-22.5251396648045,317680000,0.858796278258402,6629629.62962963,9905714.28571429,Ukraine,Kiev,30.5241037,50.4500644
Torino,14,15,178100000,1.03e+08,75100000,72.9126213592233,281100000,0.759908190060554,6866666.66666667,12721428.5714286,Italie,Turin,7.77237858737661,45.1876913761341
Bologna,12,12,109900000,74020000,35880000,48.4733855714672,183920000,0.497197845307496,6168333.33333333,9158333.33333333,Italie,Bologne,11.3430347,44.4936714
Toulouse,16,9,154900000,39200000,115700000,295.15306122449,194100000,0.524717821738717,4355555.55555556,9681250,France,Toulouse,1.4442469,43.6044622
Norwich,14,13,144940000,94780000,50160000,52.9225575015826,239720000,0.648044081541501,7290769.23076923,10352857.1428571,Angleterre,Norwich,1.29227,52.628606
Charlton,5,7,45010000,26690000,18320000,68.6399400524541,71700000,0.193829303547996,3812857.14285714,9002000,Angleterre,Charlton,0.0365359,51.4826053
Hellas Verona,2,1,3.4e+07,1.5e+07,1.9e+07,126.666666666667,4.9e+07,0.132463540778965,1.5e+07,1.7e+07,Italie,Vérone,10.9924122,45.4384958
RB Salzburg,13,3,157100000,11500000,145600000,1266.08695652174,168600000,0.455782713782317,3833333.33333333,12084615.3846154,Allemagne,Salzburg,13.0464806,47.7981346
River Plate,22,2,204680000,16300000,188380000,1155.70552147239,220980000,0.597383535537464,8150000,9303636.36363636,Argentine,Buenos Aires,-58.4627528607721,-34.6702682861279
Atalanta,27,14,2.21e+08,81950000,139050000,169.676632092739,302950000,0.818976115897704,5853571.42857143,8185185.18518519,Italie,Bergame,9.6891219291145,45.7908866366524
Dinamo Zagreb,20,NA,172880000,8644000,172880000,Inf,181524000,0.490720648497161,NA,8644000,Croatie,Zagreb,15.977048,45.813177
FC Basel,19,2,183100000,8750000,174350000,1992.57142857143,191850000,0.518635312213153,4375000,9636842.10526316,Suisse,Bale,7.5878261,47.5581077
Besiktas,8,16,76600000,78600000,-2e+06,-2.54452926208651,155200000,0.41955799038562,4912500,9575000,Turquie,Istanbul,28.8922067484485,40.9035073707135
Stoke City,9,28,77500000,249800000,-172300000,-68.9751801441153,327300000,0.884802385652149,8921428.57142857,8611111.11111111,Angleterre,Stoke,-2.1812607,53.0162014
AZ Alkmaar,20,5,149650000,23500000,126150000,536.808510638298,173150000,0.468082899711792,4700000,7482500,Pays-Bas,Alkmaar,4.7402031936764,52.63373645
Blackburn,15,14,149350000,71880000,77470000,107.776850306066,221230000,0.598059369929193,5134285.71428571,9956666.66666667,Angleterre,Blackburn,-2.4797543,53.7497193
Standard Liège,12,3,87810000,11500000,76310000,663.565217391304,99310000,0.268468453770593,3833333.33333333,7317500,Belgique,Liège,-0.0113078,43.8455187
Independiente,10,NA,71160000,3558000,71160000,Inf,74718000,0.201987976324954,NA,7116000,Italie,Avellaneda,-58.3541591812226,-34.5936347666598
Boca Juniors,15,5,133300000,31050000,102250000,329.307568438003,164350000,0.444293529122917,6210000,8886666.66666667,Argentine,Buenos Aires,-58.4440629178347,-34.573260807373
Portsmouth,18,15,148450000,100260000,48190000,48.065030919609,248710000,0.672347086268091,6684000,8247222.22222222,Angleterre,Portsmouth,-1.075614,50.8036831
BJ Sinobo Guoan,1,8,20440000,102750000,-82310000,-80.1070559610706,123190000,0.333024154868586,12843750,20440000,Chine,Pekin,116.3912757,39.906217
Al Sadd,1,10,20200000,75650000,-55450000,-73.2980832782551,95850000,0.259114905789057,7565000,20200000,Qatar,Doha,51.4379916901804,25.3798199160587
Dep. La Coruña,9,6,96580000,31140000,65440000,210.14771997431,127720000,0.345270274046723,5190000,10731111.1111111,Espagne,La Corogne,-8.5296941,43.0565609
Real Zaragoza,13,10,116600000,70100000,46500000,66.3338088445078,186700000,0.504713123743527,7010000,8969230.76923077,Espagne,Saragosse,-1.16950900924476,41.84004695
FC Augsburg,1,1,2e+07,7e+06,1.3e+07,185.714285714286,2.7e+07,0.0729901143067768,7e+06,2e+07,Allemagne,Augsburg,10.8986971,48.3668041
FC Lorient,14,2,121500000,9e+06,112500000,1250,130500000,0.352785552482754,4500000,8678571.42857143,France,Lorient,-3.3660907,47.7477336
SC Freiburg,6,3,6e+07,1.5e+07,4.5e+07,300,7.5e+07,0.202750317518824,5e+06,1e+07,Allemagne,Freiburg,7.8494005,47.9960901
Espanyol,14,9,1.14e+08,48600000,65400000,134.567901234568,162600000,0.439562688380811,5400000,8142857.14285714,Espagne,Barcelone,2.13734046619789,41.3564667001408
Corinthians,26,11,205400000,85500000,119900000,140.233918128655,290900000,0.786400898216347,7772727.27272727,7900000,Brésil,São Paulo,-46.7275207660957,-23.4444859078758
Lecce,6,NA,5.1e+07,2550000,5.1e+07,Inf,53550000,0.144763726708441,NA,8500000,Italie,Lecce,18.1718482,40.3570373
Fulham,18,25,124700000,194380000,-69680000,-35.8473093939706,319080000,0.862580950852086,7775200,6927777.77777778,Angleterre,Londres,-0.0808971656345367,51.5098792593937
Wigan,16,22,142680000,99970000,42710000,42.7228168450535,242650000,0.65596486061257,4544090.90909091,8917500,Angleterre,Manchester,-2.27519143892582,53.5748389459553
Vasco da Gama,5,NA,45700000,2285000,45700000,Inf,47985000,0.129719653148544,NA,9140000,Brésil,Rio de Janeiro,-43.1185228935944,-22.9792127890019
Feyenoord,17,5,1.37e+08,18500000,118500000,640.540540540541,155500000,0.420368991655696,3700000,8058823.52941176,Pays-Bas,Rotterdam,4.50479553049639,51.9191986793565
Bolton,5,11,38450000,67550000,-29100000,-43.079200592154,1.06e+08,0.286553782093272,6140909.09090909,7690000,Angleterre,Bolton,-2.4288874,53.577694
Hamburger SV,16,29,145700000,193600000,-47900000,-24.7417355371901,339300000,0.917242436455161,6675862.06896552,9106250,Allemagne,Hambourg,10.000654,53.550341
Kuban Krasnodar,6,3,4.7e+07,1.5e+07,3.2e+07,213.333333333333,6.2e+07,0.167606929148895,5e+06,7833333.33333333,Russie,Krasnodar,38.8766314937156,44.9858192633205
Rubin Kazan,10,21,81900000,159400000,-77500000,-48.6198243412798,241300000,0.652315354897231,7590476.19047619,8190000,Russie,Kazan,49.1242266,55.7823547
Sassuolo,11,13,112700000,85200000,27500000,32.2769953051643,197900000,0.534990504493004,6553846.15384615,10245454.5454545,Italie,Sassuolo,10.7829023,44.5409769
KRC Genk,10,1,101300000,4500000,96800000,2151.11111111111,105800000,0.286013114579888,4500000,10130000,Belgique,Genk,5.5001456,50.9654864
Celta de Vigo,11,5,93800000,3.8e+07,55800000,146.842105263158,131800000,0.356299891319747,7600000,8527272.72727273,Espagne,Vigo,-8.7247205,42.2376602
SCO Angers,2,NA,2.8e+07,1400000,2.8e+07,Inf,29400000,0.0794781244673791,NA,1.4e+07,France,Angers,-0.5515588,47.4739884
Loko Moscow,12,28,8.6e+07,156900000,-70900000,-45.1880178457616,242900000,0.656640695004299,5603571.42857143,7166666.66666667,Russie,Moscou,37.7291932899613,55.7868742978272
ZJ Greentown,3,NA,31720000,1586000,31720000,Inf,33306000,0.0900373610037595,NA,10573333.3333333,Chine,Hangzhou,120.2052342,30.2489634
Olympiacos,14,9,136850000,53300000,83550000,156.754221388368,190150000,0.514039638349393,5922222.22222222,9775000,Grèce,Le Pirée,0.1963477,48.107505
Spartak Moscow,14,32,102600000,208700000,-106100000,-50.8385241974126,311300000,0.841548984581467,6521875,7328571.42857143,Russie,Moscou,37.5907833420966,55.8105252027024
Nottm Forest,7,3,66800000,28700000,38100000,132.752613240418,95500000,0.258168737640636,9566666.66666667,9542857.14285714,Angleterre,Nottingham,-1.1492773,52.9534161
Heerenveen,13,1,106050000,4500000,101550000,2256.66666666667,110550000,0.298853968022747,4500000,8157692.30769231,Pays-Bas,Heerenveen,5.93326787512682,52.9567361
Hertha BSC,10,5,83100000,25400000,57700000,227.165354330709,108500000,0.293312126010566,5080000,8310000,Allemagne,Berlin,13.3888599,52.5170365
FC Metz,6,NA,44500000,2225000,44500000,Inf,46725000,0.126313447814228,NA,7416666.66666667,France,Metz,6.1763552,49.1196964
Fluminense,15,2,115900000,10400000,105500000,1014.42307692308,126300000,0.3414315347017,5200000,7726666.66666667,Brésil,Rio de Janeiro,-43.310688597461,-22.9360291961459
Middlesbrough,13,23,1.24e+08,188910000,-64910000,-34.3602773807633,312910000,0.845901358064204,8213478.26086957,9538461.53846154,Angleterre,Middlesbrough,-1.2344047,54.5760419
Leeds,7,1,58450000,7900000,50550000,639.873417721519,66350000,0.179366447564987,7900000,8350000,Angleterre,Leeds,-1.5437941,53.7974185
Hull City,11,14,122500000,96850000,25650000,26.4842540010325,219350000,0.592977095303388,6917857.14285714,11136363.6363636,Angleterre,Hull,-0.3394758,53.7435722
Stade Rennais,27,19,205300000,124100000,81200000,65.4311039484287,329400000,0.890479394542676,6531578.94736842,7603703.7037037,France,Rennes,-1.6800198,48.1113387
Vitesse,5,1,43600000,4e+06,39600000,990,47600000,0.128678868185281,4e+06,8720000,Pays-Bas,Arnhem,5.87623450776413,52.0056642
Fenerbahce,9,33,81200000,233800000,-152600000,-65.2694610778443,3.15e+08,0.851551333579062,7084848.48484848,9022222.22222222,Turquie,Istanbul,29.0572813786792,40.997655977595
Braga,17,1,115330000,9500000,105830000,1114,124830000,0.337457628478331,9500000,6784117.64705882,Portugal,Braga,-8.4280045,41.5510583
Galatasaray,9,26,80650000,153300000,-72650000,-47.3907371167645,233950000,0.632445823780386,5896153.84615385,8961111.11111111,Turquie,Istanbul,29.0583008407841,40.9390843068131
Racing Club,11,1,72790000,3200000,69590000,2174.6875,75990000,0.205426621710073,3200000,6617272.72727273,Italie,Avellaneda,-58.3904157102968,-34.5980850248812
Montpellier,11,2,103900000,8500000,95400000,1122.35294117647,112400000,0.303855142521545,4250000,9445454.54545454,France,Montpellier,3.8767337,43.6112422
Celtic,10,10,94750000,5.2e+07,42750000,82.2115384615385,146750000,0.396714787945166,5200000,9475000,Écosse,Glasgow,-4.30712103762941,55.9798155221561
Cruzeiro,17,1,130300000,5e+06,125300000,2506,135300000,0.365761572803959,5e+06,7664705.88235294,Brésil,Belo Horizonte,-43.8511482908622,-19.9222168940444
Bari,2,2,1.9e+07,1.5e+07,4e+06,26.6666666666667,3.4e+07,0.0919134772752004,7500000,9500000,Italie,Bari,16.8620293,41.1257843
Cagliari Calcio,6,8,57200000,48900000,8300000,16.9734151329243,106100000,0.286824115849963,6112500,9533333.33333333,Italie,Cagliari,9.1128513,39.2169525
Metalist,6,9,42440000,50100000,-7660000,-15.2894211576846,92540000,0.25016685844256,5566666.66666667,7073333.33333333,Russie,Kharkiv,36.2722660718121,49.99142545
Wolves,8,16,71750000,126600000,-54850000,-43.3254344391785,198350000,0.536207006398117,7912500,8968750,Angleterre,Wolverhampton,-2.127567,52.5847651
Vélez Sarsfield,11,NA,77950000,3897500,77950000,Inf,81847500,0.221261421508293,NA,7086363.63636364,Argentine,Buenos Aires,-58.547634581464,-34.6396041033383
CF Pachuca,7,2,6.5e+07,12550000,52450000,417.92828685259,77550000,0.209643828314464,6275000,9285714.28571429,Mexique,Pachuca,-98.7413535,20.1165413
Granada CF,7,3,6e+07,13500000,46500000,344.444444444444,73500000,0.198695311168448,4500000,8571428.57142857,Espagne,Grenade,-61.6904045,12.1360374
Club Brugge,11,1,79130000,4e+06,75130000,1878.25,83130000,0.224728451937865,4e+06,7193636.36363636,Belgique,Bruges,3.226772,51.2085526
FC Sion,5,NA,39700000,1985000,39700000,Inf,41685000,0.112688626476963,NA,7940000,Suisse,Sion,7.3637051847832,46.23021515
JS Suning,3,8,34850000,118270000,-83420000,-70.5335249852033,153120000,0.413935048246432,14783750,11616666.6666667,Chine,Nankin,118.7916458,32.0609736
Saint-Étienne,16,18,136750000,87700000,49050000,55.9293044469783,224450000,0.606764116894668,4872222.22222222,8546875,France,Saint-Étienne,4.387306,45.44015
Chivas,3,4,2.5e+07,32150000,-7150000,-22.2395023328149,57150000,0.154495741949344,8037500,8333333.33333333,Mexique,Guadalajara,-2.48504400135003,40.7575324774303
Racing,6,3,116540000,21200000,95340000,449.716981132075,137740000,0.372357716467238,7066666.66666667,19423333.3333333,Espagne,Santander,-3.8099719,43.4620412
RCD Mallorca,14,6,82900000,25500000,57400000,225.098039215686,108400000,0.293041792253874,4250000,5921428.57142857,Espagne,Majorque,2.9862211,39.6594484
Desp. Brasil,10,NA,54330000,2716500,54330000,Inf,57046500,0.154215946511168,NA,5433000,Brésil,Porto Feliz,-47.5229432426634,-23.2378262
FC Twente,15,6,130630000,3.3e+07,97630000,295.848484848485,163630000,0.442347126074736,5500000,8708666.66666667,Pays-Bas,Enschede,6.87059566409799,52.22336325
R. Strasbourg,6,NA,35780000,1789000,35780000,Inf,37569000,0.101561689051529,NA,5963333.33333333,France,Strasbourg,7.7507127,48.584614
West Brom,11,26,82510000,195380000,-112870000,-57.7694748694851,277890000,0.751230476470748,7514615.38461538,7500909.09090909,Angleterre,West Bromwich,-1.9923114,52.5186579
U. de Chile,4,NA,27700000,1385000,27700000,Inf,29085000,0.0786265731338001,NA,6925000,Chili,Santiago,-70.6793876142854,-33.3675664711496
Basaksehir,1,NA,13400000,670000,13400000,Inf,14070000,0.0380359595665314,NA,13400000,Turquie,Istanbul,28.9025781113135,40.9069986285151
QPR,5,17,41640000,117520000,-75880000,-64.5677331518039,159160000,0.430263207150614,6912941.17647059,8328000,Angleterre,Londres,-0.193181386333758,51.4381903096299
CA Osasuna,9,NA,51050000,2552500,51050000,Inf,53602500,0.144905651930704,NA,5672222.22222222,Espagne,Pampelune,-1.6442556,42.8184538
Reggina,8,NA,42350000,2117500,42350000,Inf,44467500,0.120210663256911,NA,5293750,Italie,Reggio de Calabre,15.6397556,38.1035389
Rangers,4,8,40900000,33580000,7320000,21.7986896962478,74480000,0.201344581984027,4197500,10225000,Écosse,Glasgow,-4.17464811091588,55.9082476699942
Bristol City,4,NA,35450000,1772500,35450000,Inf,37222500,0.100624982584593,NA,8862500,Angleterre,Bristol,-2.5972985,51.4538022
Birmingham,16,16,91150000,77450000,13700000,17.6888315041963,168600000,0.455782713782317,4840625,5696875,Angleterre,Birmingham,-1.77424025842237,52.5879951262998
UD Las Palmas,3,NA,2.7e+07,1350000,2.7e+07,Inf,28350000,0.0766396200221156,NA,9e+06,Espagne,Las Palmas de Gran Canaria,-15.4349448,28.128874
SD Luneng,3,7,33790000,60950000,-27160000,-44.5611156685808,94740000,0.256114201089779,8707142.85714286,11263333.3333333,Chine,Shandong,118.9999999,36.0000001
Brentford,2,NA,22900000,1145000,22900000,Inf,24045000,0.0650017517965351,NA,11450000,Angleterre,Brentford,-0.3216623,51.4863958
AJ Auxerre,13,4,73700000,17300000,56400000,326.011560693642,9.1e+07,0.246003718589507,4325000,5669230.76923077,France,Auxerre,3.570579,47.7961287
Catania,4,3,3.9e+07,1.1e+07,2.8e+07,254.545454545455,5e+07,0.135166878345883,3666666.66666667,9750000,Italie,Catane,15.08738,37.5022355
Partizan,10,NA,62300000,3115000,62300000,Inf,65415000,0.176838826939919,NA,6230000,Serbie,Belgrade,20.4568974,44.8178131
Pescara,4,2,39250000,7400000,31850000,430.405405405405,46650000,0.126110697496709,3700000,9812500,Italie,Pascara,14.2059269,42.469613
Al-Jazira,5,11,37400000,88300000,-50900000,-57.6443941109853,125700000,0.33980953216155,8027272.72727273,7480000,Qatar,Abou Dabi,53.7452771959902,24.0254103327471
Bournemouth,3,11,30200000,133050000,-102850000,-77.3017662532882,163250000,0.441319857799308,12095454.5454545,10066666.6666667,Angleterre,Bournemouth,-1.85798090318094,50.74467035
BSC Young Boys,5,NA,3.9e+07,1950000,3.9e+07,Inf,40950000,0.110701673365278,NA,7800000,Suisse,Berne,7.4014241164131,46.8960572223075
CD Leganés,1,NA,1.2e+07,6e+05,1.2e+07,Inf,12600000,0.0340620533431625,NA,1.2e+07,Espagne,Leganés,-3.76527,40.3281942
Instituto,1,NA,11900000,595000,11900000,Inf,12495000,0.0337782028986361,NA,11900000,Argentine,Cordoba,-4.7760131,37.8849779
Derby,5,6,38200000,38400000,-2e+05,-0.520833333333333,76600000,0.207075657625893,6400000,7640000,Angleterre,Derby,-1.4761491,52.9212617
América,5,9,36650000,54700000,-18050000,-32.9981718464351,91350000,0.246949886737928,6077777.77777778,7330000,Mexique,Mexico,-99.2151856281786,19.4505403611903
Newell's,2,NA,15670000,783500,15670000,Inf,16453500,0.0444793646572797,NA,7835000,Argentine,Rosario,-60.5572495632821,-33.0336077156893
YB Funde,1,NA,11500000,575000,11500000,Inf,12075000,0.0326428011205307,NA,11500000,Chine,Yanji,129.5008425,42.8888552
Ipswich,5,NA,32850000,1642500,32850000,Inf,34492500,0.0932448710269073,NA,6570000,Angleterre,Ipswich,1.1526345,52.0579495
Sheffield Utd.,7,7,41350000,25580000,15770000,61.6497263487099,66930000,0.180934383353799,3654285.71428571,5907142.85714286,Angleterre,Sheffield,-1.4113701288472,53.3938641209645
Huddersfield,2,8,21300000,85050000,-63750000,-74.9559082892416,106350000,0.287499950241693,10631250,10650000,Angleterre,Huddersfield,-1.7822482,53.6466645
Hilal,4,5,27200000,3.1e+07,-3800000,-12.258064516129,58200000,0.157334246394608,6200000,6800000,Arabie Saoudite,Riyad,46.7362562115772,24.6452666515669
GZ R&F,4,1,32050000,7230000,24820000,343.2918395574,39280000,0.106187099628526,7230000,8012500,Chine,Canton,113.164391789104,23.0283583554013
Heart of Midl.,1,NA,10820000,541000,10820000,Inf,11361000,0.0307126180977515,NA,10820000,Écosse,Édimbourg,-3.30024806849658,55.8638694694108
Hajduk Split,6,1,3.5e+07,1500000,33500000,2233.33333333333,36500000,0.0986718211924945,1500000,5833333.33333333,Croatie,Split,16.3482250698381,43.5432712202587
Cardiff,9,7,54570000,64600000,-10030000,-15.5263157894737,119170000,0.322156737849577,9228571.42857143,6063333.33333333,Angleterre,Cardiff,-3.1791934,51.4816546
Al-Ahli (UAE),1,8,0,0,0,NA,0,0,0,0,UAE,Dubaï,-1.15176718238418,43.7219682461335
Santos Laguna,6,2,43390000,6800000,36590000,538.088235294118,50190000,0.135680512483597,3400000,7231666.66666667,Mexique,Torreón,-103.4105122,25.542698
Preston NE,3,NA,22700000,1135000,22700000,Inf,23835000,0.0644340509074824,NA,7566666.66666667,Angleterre,Preston,-2.7051618,53.7589938
Brighton,1,7,10100000,96900000,-86800000,-89.5768833849329,1.07e+08,0.289257119660189,13842857.1428571,10100000,Angleterre,Brighton,-0.1374061,50.8220399
FC Empoli,9,1,64200000,9e+06,55200000,613.333333333333,73200000,0.197884309898373,9e+06,7133333.33333333,Italie,Empoli,10.9458556,43.7194884
Recr. Huelva,1,1,1e+07,4e+06,6e+06,150,1.4e+07,0.0378467259368472,4e+06,1e+07,Espagne,Huelva,-6.9484945,37.2575874
FC Groningen,7,1,43500000,4e+06,39500000,987.5,47500000,0.128408534428589,4e+06,6214285.71428571,Pays-Bas,groningue,6.55824533479853,53.2217925
Siena,8,4,48200000,15600000,32600000,208.974358974359,63800000,0.172472936769347,3900000,6025000,Italie,Sienne,11.3316533,43.3185536
Getafe CF,16,6,90220000,31500000,58720000,186.412698412698,121720000,0.329050248645217,5250000,5638750,Espagne,Getafe,-3.7302679,40.3081807
Lens,13,6,67250000,24100000,43150000,179.045643153527,91350000,0.246949886737928,4016666.66666667,5173076.92307692,France,Lens,2.8319805,50.4291723
FC Sochaux,11,3,69400000,9e+06,60400000,671.111111111111,78400000,0.211941665246344,3e+06,6309090.90909091,France,Sochaux,6.8303896,47.5138206
Levante UD,6,NA,37800000,1890000,37800000,Inf,39690000,0.107295468030962,NA,6300000,Espagne,Valence,-0.3759513,39.4699014
FC Nantes,4,3,2.9e+07,9700000,19300000,198.969072164948,38700000,0.104619163839713,3233333.33333333,7250000,France,Nantes,-1.5541362,47.2186371
FC Barcelona B,3,1,20300000,5e+06,15300000,306,25300000,0.0683944404430167,5e+06,6766666.66666667,Espagne,Barcelone,2.26709420646013,41.4729289628421
Al Arabi,1,7,1e+07,47200000,-37200000,-78.8135593220339,57200000,0.15463090882769,6742857.14285714,1e+07,Qatar,Doha,51.5297270401298,25.210108824354
CA Rosario,1,NA,1e+07,5e+05,1e+07,Inf,10500000,0.0283850444526354,NA,1e+07,Argentine,Rosario,-60.5767118859121,-32.9795614772334
KV Oostende,1,NA,1e+07,5e+05,1e+07,Inf,10500000,0.0283850444526354,NA,1e+07,Belgique,Ostende,2.919496,51.2258565
SD Eibar,1,NA,1e+07,5e+05,1e+07,Inf,10500000,0.0283850444526354,NA,1e+07,Espagne,Eibar,-2.4732748,43.1842839
Chievo Verona,8,2,55500000,9500000,4.6e+07,484.210526315789,6.5e+07,0.175716941849648,4750000,6937500,Italie,Verone,10.9924122,45.4384958
Dijon,2,NA,1.4e+07,7e+05,1.4e+07,Inf,14700000,0.0397390622336896,NA,7e+06,France,Dijon,5.0414701,47.3215806
Rio Ave FC,2,NA,1.6e+07,8e+05,1.6e+07,Inf,16800000,0.0454160711242167,NA,8e+06,Portugal,Vila do Conde,-8.68709310944666,41.3406144
Vancouver,1,NA,1e+07,5e+05,1e+07,Inf,10500000,0.0283850444526354,NA,1e+07,USA,Vancouver,-123.1139529,49.2608724
HN Jianye,2,1,19030000,8500000,10530000,123.882352941176,27530000,0.0744228832172431,8500000,9515000,Chine,Zhengzhou,113.6524076,34.7591877
Atl. Nacional,4,NA,21200000,1060000,21200000,Inf,22260000,0.0601762942395871,NA,5300000,Colombie,Medellín,-121.077733,38.489113
Al-Ettifaq,1,NA,9800000,490000,9800000,Inf,10290000,0.0278173435635827,NA,9800000,Arabie Saoudite,Dammam,50.1039991,26.4367824
Baniyas SC,1,NA,9800000,490000,9800000,Inf,10290000,0.0278173435635827,NA,9800000,UAE,Abou Dabi,53.5581806529202,24.1157561134662
Liaoning FC,5,1,37680000,11500000,26180000,227.652173913043,49180000,0.13295014154101,11500000,7536000,Chine,Jinzhou,121.1194219,41.108528
Nordsjaelland,2,NA,14450000,722500,14450000,Inf,15172500,0.0410163892340582,NA,7225000,Danemark,Nordsjælland,12.3529389,55.8156616
BJ Renhe,2,1,15250000,3500000,11750000,335.714285714286,18750000,0.0506875793797061,3500000,7625000,Chine,Pékin,116.3912757,39.906217
Maldonado,1,2,9600000,17750000,-8150000,-45.9154929577465,27350000,0.0739362824551979,8875000,9600000,Uruguay,Maldonado,-54.9582718,-34.9087162
FCS Bucharest,6,NA,38500000,1925000,38500000,Inf,40425000,0.109282421142646,NA,6416666.66666667,Roumanie,Bucharest,26.0267700096868,44.5108836031686
Botafogo,4,1,25500000,4e+06,21500000,537.5,29500000,0.0797484582240709,4e+06,6375000,Brésil,Rio de Janeiro,-43.2929551703239,-22.8239024331299
E. Frankfurt,2,2,14500000,1.2e+07,2500000,20.8333333333333,26500000,0.0716384455233179,6e+06,7250000,Allemagne,Frankfurt,8.6820917,50.1106444
Roda JC,2,NA,12500000,625000,12500000,Inf,13125000,0.0354813055657943,NA,6250000,Pays-Bas,Kerkrade,6.05930845735641,50.87205345
Estudiantes,8,1,58570000,5300000,53270000,1005.09433962264,63870000,0.172662170399031,5300000,7321250,Argentine,La Plata,-57.9416995663915,-34.8197740108127
AS Nancy,7,NA,38400000,1920000,38400000,Inf,40320000,0.10899857069812,NA,5485714.28571429,France,Nancy,6.1834097,48.6937223
Portuguesa,2,NA,1.4e+07,7e+05,1.4e+07,Inf,14700000,0.0397390622336896,NA,7e+06,Venezuela,Araure,-69.227284,9.593133
Kayserispor,5,NA,32300000,1615000,32300000,Inf,33915000,0.0916836935820124,NA,6460000,Turquie,Kayseri,35.4874516,38.7225274
Karabükspor,1,NA,9e+06,450000,9e+06,Inf,9450000,0.0255465400073719,NA,9e+06,Turquie,Karabük,32.6193901,41.1110349
HNK Rijeka,1,NA,9e+06,450000,9e+06,Inf,9450000,0.0255465400073719,NA,9e+06,Croatie,Rijeka,14.4409841,45.3269357
Al-Ain FC,3,7,19250000,39350000,-20100000,-51.0800508259212,58600000,0.158415581421375,5621428.57142857,6416666.66666667,UAE,Al-Aïn,-77.5475417,38.7282274
SM Caen,7,1,40500000,5e+06,35500000,710,45500000,0.123001859294753,5e+06,5785714.28571429,France,Caen,-0.3690815,49.1828008
KAA Gent,7,NA,41600000,2080000,41600000,Inf,43680000,0.118081784922963,NA,5942857.14285714,Belgique,Gent,3.7250121,51.0538286
Reims,2,NA,14500000,725000,14500000,Inf,15225000,0.0411583144563213,NA,7250000,France,Reims,4.031926,49.2577886
Chiapas FC,3,NA,18990000,949500,18990000,Inf,19939500,0.0539031994155546,NA,6330000,Mexique,Chiapas,-92.5000001,16.5000001
Vit. Guimarães,4,NA,25800000,1290000,25800000,Inf,27090000,0.0732334146877994,NA,6450000,Portugal,Guimarães,-8.2955712,41.4417677
Bröndby IF,5,1,23060000,4e+06,19060000,476.5,27060000,0.0731523145607918,4e+06,4612000,Danemark,Brøndby,12.4217135,55.644111
Colo Colo,3,NA,18100000,905000,18100000,Inf,19005000,0.0513769304592701,NA,6033333.33333333,Chili,Santiago,-70.7326195038537,-33.5048908425806
Trabzonspor,11,11,53600000,49650000,3950000,7.95568982880161,103250000,0.279119603784248,4513636.36363636,4872727.27272727,Turquie,Trabzon,39.7180928,41.0058605
Lanús,7,NA,50800000,2540000,50800000,Inf,53340000,0.144196025819388,NA,7257142.85714286,Argentine,Lanús,-0.2241445,43.6454126
FC Copenhagen,8,1,47450000,3e+06,44450000,1481.66666666667,50450000,0.136383380250996,3e+06,5931250,Danemark,Copenhague,12.5700724,55.6867243
Tigres UANL,1,8,8700000,47750000,-39050000,-81.7801047120419,56450000,0.152603405652502,5968750,8700000,Mexique,Monterrey,-100.368118721722,25.6704338533398
AIK Solna,1,NA,8600000,430000,8600000,Inf,9030000,0.0244111382292664,NA,8600000,Suède,Stockholm,18.0710935,59.3251172
Le Mans,10,1,5.6e+07,4500000,51500000,1144.44444444444,60500000,0.163551922798518,4500000,5600000,France,Le Mans,0.1967379,48.0073498
Brescia,11,3,63360000,16200000,47160000,291.111111111111,79560000,0.215077536823969,5400000,5760000,Italie,Brescia,10.2200214,45.5398022
FC Zürich,2,NA,12800000,640000,12800000,Inf,13440000,0.0363328568993733,NA,6400000,Suisse,Zurich,8.5414061,47.3769434
FC Utrecht,5,1,31080000,4800000,26280000,547.5,35880000,0.0969957519010056,4800000,6216000,Pays-Bas,Utrecht,5.12768031549829,52.08095165
Sparta Praha,6,NA,26250000,1312500,26250000,Inf,27562500,0.0745107416881679,NA,4375000,République Tchèque,Prague,14.5004242808152,50.1319387540714
Argentinos,3,NA,15500000,775000,15500000,Inf,16275000,0.0439968189015849,NA,5166666.66666667,Argentine,Buenos Aires,-58.5370957741575,-34.7228599698994
Zorya Lugansk,1,NA,8500000,425000,8500000,Inf,8925000,0.0241272877847401,NA,8500000,Ukraine,Louhansk,31.2718321,49.4871968
Blackpool,2,NA,14200000,710000,14200000,Inf,14910000,0.0403067631227423,NA,7100000,Angleterre,Blackpool,-3.0564845,53.8182212
KV Mechelen,1,NA,8250000,412500,8250000,Inf,8662500,0.0234176616734242,NA,8250000,Belgique,Malines,4.4803453,51.0281381
UD Almería,4,2,25500000,10800000,14700000,136.111111111111,36300000,0.098131153679111,5400000,6375000,Espagne,Almería,-4.5866653,41.597201
Gaziantepspor,2,2,13500000,7100000,6400000,90.1408450704225,20600000,0.0556887538785037,3550000,6750000,Turquie,Gaziantep,37.3793085,37.0611756
Stade Brest 29,1,NA,8e+06,4e+05,8e+06,Inf,8400000,0.0227080355621083,NA,8e+06,France,Brest,-4.4860088,48.3905283
Nacional,8,NA,60150000,3007500,60150000,Inf,63157500,0.170736042382602,NA,7518750,Uruguay,Montevideo,-56.3064260564754,-34.9910631745632
Al Rayyan,1,3,8e+06,2e+07,-1.2e+07,-60,2.8e+07,0.0756934518736944,6666666.66666667,8e+06,Qatar,Al Rayyan,51.3931202646863,25.2929189
Monterrey,2,7,12600000,44760000,-32160000,-71.8498659517426,57360000,0.155063442838397,6394285.71428571,6300000,Mexique,Monterrey,-100.269521695274,25.7510507507216
AS Livorno,4,1,28710000,6e+06,22710000,378.5,34710000,0.0938328469477119,6e+06,7177500,Italie,Livourne,10.3091456,43.5507411
Hannover 96,4,5,26200000,28800000,-2600000,-9.02777777777778,5.5e+07,0.148683566180471,5760000,6550000,Allemagne,Hanovre,9.7385532,52.3744779
Atlético-PR,7,1,36300000,4e+06,32300000,807.5,40300000,0.108944503946782,4e+06,5185714.28571429,Brésil,Paraná,-51.8894602978251,-24.4531234439769
Zulte Waregem,1,NA,8e+06,4e+05,8e+06,Inf,8400000,0.0227080355621083,NA,8e+06,Belgique,Waregem,3.4323287,50.8868095
KAS Eupen,1,NA,8e+06,4e+05,8e+06,Inf,8400000,0.0227080355621083,NA,8e+06,Belgique,Eupen,6.0312717,50.6305665
Rostov,1,NA,8e+06,4e+05,8e+06,Inf,8400000,0.0227080355621083,NA,8e+06,Russie,Rostov,39.716486,47.2246949
AC Le Havre,3,NA,18500000,925000,18500000,Inf,19425000,0.0525123322373755,NA,6166666.66666667,France,Le Havre,0.1079732,49.4938975
SC Amiens,1,NA,8e+06,4e+05,8e+06,Inf,8400000,0.0227080355621083,NA,8e+06,France,Amiens,2.2956951,49.8941708
Huracán,3,NA,22200000,1110000,22200000,Inf,23310000,0.0630147986848506,NA,7400000,Argentine,Buenos Aires,-58.5470132551776,-34.562615410589
Rayo Vallecano,3,NA,2e+07,1e+06,2e+07,Inf,2.1e+07,0.0567700889052708,NA,6666666.66666667,Espagne,Madrid,-3.6082574125421,40.3261566944675
FC Midtjylland,4,NA,1.9e+07,950000,1.9e+07,Inf,19950000,0.0539315844600073,NA,4750000,Danemark,Herning,8.9746623,56.1379757
Reading,8,3,43800000,16300000,27500000,168.711656441718,60100000,0.162470587771751,5433333.33333333,5475000,Angleterre,Reading,-0.9696512,51.456659
Club Tijuana,3,1,21330000,5e+06,16330000,326.6,26330000,0.0711788781369419,5e+06,7110000,Mexique,Tijuana,-116.9646629,32.5010188
Juventude,2,NA,9900000,495000,9900000,Inf,10395000,0.0281011940081091,NA,4950000,Brésil,Caxias do Sul,-51.1793861,-29.1684796
Gamba Osaka,2,NA,11800000,590000,11800000,Inf,12390000,0.0334943524541098,NA,5900000,Japon,Osaka,135.5014539,34.6937569
FC São Paulo B,1,NA,7500000,375000,7500000,Inf,7875000,0.0212887833394766,NA,7500000,Brésil,São Paulo,-46.5229417008399,-23.6055286769428
Krasnodar,4,8,72500000,59250000,13250000,22.3628691983122,131750000,0.356164724441401,7406250,18125000,Russie,Krasnodar,38.9552482901309,45.0387241276838
Crewe Alexandra,2,NA,13500000,675000,13500000,Inf,14175000,0.0383198100110578,NA,6750000,Angleterre,Crewe,-2.4414627,53.0996153
Guingamp,3,NA,16500000,825000,16500000,Inf,17325000,0.0468353233468484,NA,5500000,France,Guingamp,-3.1502007,48.5618483
San Lorenzo,6,NA,29200000,1460000,29200000,Inf,30660000,0.0828843298016954,NA,4866666.66666667,Argentine,Buenos Aires,-58.524409799582,-34.7063732014376
Bursaspor,4,NA,22800000,1140000,22800000,Inf,23940000,0.0647179013520087,NA,5700000,Turquie,Bursa,29.0675655,40.1826036
Rapid Vienna,5,NA,28900000,1445000,28900000,Inf,30345000,0.0820327784681163,NA,5780000,Autriche,Vienne,16.4584220335592,48.0947106252752
Ludogorets,1,NA,7500000,375000,7500000,Inf,7875000,0.0212887833394766,NA,7500000,Bulgarie,Razgrad,26.5230603,43.5258211
Osmanlispor,2,NA,1.2e+07,6e+05,1.2e+07,Inf,12600000,0.0340620533431625,NA,6e+06,Turquie,Ankara,32.7338901907618,39.9834477397073
Ascoli,1,NA,7500000,375000,7500000,Inf,7875000,0.0212887833394766,NA,7500000,Italie,Ascoli,41.1,12.3
CA Banfield,4,NA,20650000,1032500,20650000,Inf,21682500,0.0586151167946921,NA,5162500,Argentine,Banfield,-58.3960811,-34.7437455
León,2,NA,13240000,662000,13240000,Inf,13902000,0.0375817988552893,NA,6620000,Mexique,León,-5.5682413,42.5989995
RC Cesena,5,2,26550000,9e+06,17550000,195,35550000,0.0961036505039227,4500000,5310000,Italie,Cesena,12.2422442,44.136352
Eskisehirspor,2,NA,1.2e+07,6e+05,1.2e+07,Inf,12600000,0.0340620533431625,NA,6e+06,Turquie,Eskisehir,30.5255947,39.7666813
Ahly,1,NA,7250000,362500,7250000,Inf,7612500,0.0205791572281607,NA,7250000,Égypte,Le Caire,31.1601269204978,30.0841814593467
M. Tel Aviv,1,NA,7230000,361500,7230000,Inf,7591500,0.0205223871392554,NA,7230000,Israël,Tel-Aviv,34.7805274,32.0804808
Elche CF,3,NA,15200000,760000,15200000,Inf,15960000,0.0431452675680058,NA,5066666.66666667,Espagne,Elche,-0.6988488,38.2653181
Paços Ferreira,1,NA,7200000,360000,7200000,Inf,7560000,0.0204372320058975,NA,7200000,Portugal,Paços de Ferreira,-8.3783981952397,41.2896264
Feirense,1,NA,7200000,360000,7200000,Inf,7560000,0.0204372320058975,NA,7200000,Portugal,Santa Maria da Feira,-8.5426688,40.9254179
Atlas,3,NA,16980000,849000,16980000,Inf,17829000,0.0481978054805749,NA,5660000,Mexique,Guadalajara,-2.61767328637637,40.7719067756787
1.FC Nuremberg,8,NA,44100000,2205000,44100000,Inf,46305000,0.125178046036122,NA,5512500,Allemagne,Nuremberg,11.077298,49.453872
Austria Vienna,3,1,13500000,2e+06,11500000,575,15500000,0.0419017322872237,2e+06,4500000,Autriche,Vienne,16.4195194604766,48.2806839316293
Red Star,8,1,3.5e+07,2500000,32500000,1300,37500000,0.101375158759412,2500000,4375000,France,Paris,2.30723349316282,48.8509439977732
UNAM Pumas,6,NA,31600000,1580000,31600000,Inf,33180000,0.0896967404703279,NA,5266666.66666667,Mexique,Mexico,-99.2268951603203,19.5321471466963
Deportivo Cali,1,NA,7e+06,350000,7e+06,Inf,7350000,0.0198695311168448,NA,7e+06,Colombie,Cali,-76.5324943,3.4517923
Sporting Gijón,3,NA,14800000,740000,14800000,Inf,15540000,0.0420098657899004,NA,4933333.33333333,Espagne,Gijón,-5.68674864058679,43.51403535
FC Ingolstadt,2,NA,1.2e+07,6e+05,1.2e+07,Inf,12600000,0.0340620533431625,NA,6e+06,Allemagne,Ingolstadt,11.4250395,48.7630165
Peterborough,3,NA,16050000,802500,16050000,Inf,16852500,0.0455579963464798,NA,5350000,Angleterre,Peterborough,-0.2427336,52.5725769
Shabab,1,1,6800000,9600000,-2800000,-29.1666666666667,16400000,0.0443347360974496,9600000,6800000,Arabie Saoudite,Riyad,46.5980458911976,24.6927378864026
SH Shenxin,1,NA,6750000,337500,6750000,Inf,7087500,0.0191599050055289,NA,6750000,Chine,Shanghai,121.59421693918,31.1265045911834
UC AlbinoLeffe,3,NA,14100000,705000,14100000,Inf,14805000,0.0400229126782159,NA,4700000,Italie,Bergame,9.55129463332315,45.5999502599764
MK Dons,1,NA,6630000,331500,6630000,Inf,6961500,0.0188192844720973,NA,6630000,Angleterre,Milton Keynes,-0.7589607,52.0429797
Hibernian FC,4,NA,16700000,835000,16700000,Inf,17535000,0.0474030242359011,NA,4175000,Écosse,Édimbourg,-3.10157019052654,55.8427918508305
NY Red Bulls,1,NA,6500000,325000,6500000,Inf,6825000,0.018450278894213,NA,6500000,USA,New York,-73.9871558,40.7308619
CFR Cluj,2,NA,12500000,625000,12500000,Inf,13125000,0.0354813055657943,NA,6250000,Roumanie,Cluj,23.5900604,46.7693367
Inter U19,2,NA,10500000,525000,10500000,Inf,11025000,0.0298042966752672,NA,5250000,Italie,Milan,9.25522195872393,45.4321463116742
Morelia,2,NA,11360000,568000,11360000,Inf,11928000,0.0322454104981938,NA,5680000,Mexique,Morelia,-101.1923818,19.7027116
CD Cruz Azul,5,3,24300000,15420000,8880000,57.5875486381323,39720000,0.107376568157969,5140000,4860000,Mexique,Mexico,-99.062966247405,19.4714350305964
Ternana,2,2,8800000,6180000,2620000,42.3948220064725,14980000,0.0404959967524265,3090000,4400000,Italie,Terni,12.6405466,42.5641417
Iraty SC,1,NA,6200000,310000,6200000,Inf,6510000,0.017598727560634,NA,6200000,Brésil,Paraná,-51.8492005976683,-24.5904371384838
Arezzo,3,NA,13600000,680000,13600000,Inf,14280000,0.0386036604555842,NA,4533333.33333333,Italie,Arezzo,11.8604618783394,43.4640246
Coventry City,2,NA,1e+07,5e+05,1e+07,Inf,10500000,0.0283850444526354,NA,5e+06,Angleterre,Coventry,-1.510477,52.4081812
VVV-Venlo,2,NA,1.1e+07,550000,1.1e+07,Inf,11550000,0.0312235488978989,NA,5500000,Pays-Bas,Venlo,6.14948796750918,51.3769197
Tombense,1,NA,6e+06,3e+05,6e+06,Inf,6300000,0.0170310266715812,NA,6e+06,Brésil,Tombos,-42.026389,-20.910556
Dnipro,1,8,6e+06,47180000,-41180000,-87.2827469266638,53180000,0.143763491808681,5897500,6e+06,Ukraine,Dnipro,30.8243039,51.9191343
RS Berkane,1,NA,6e+06,3e+05,6e+06,Inf,6300000,0.0170310266715812,NA,6e+06,Maroc,Berkane,-2.3294087,34.9266755
Metalurh D.,3,NA,12550000,627500,12550000,Inf,13177500,0.0356232307880574,NA,4183333.33333333,Ukraine,Donetsk,37.830570362586,47.9403405456418
Panathinaikos,2,5,8430000,21300000,-12870000,-60.4225352112676,29730000,0.080370225864462,4260000,4215000,Grèce,Athènes,23.8078242809003,38.0481321425646
Nagoya Grampus,1,1,5700000,1.1e+07,-5300000,-48.1818181818182,16700000,0.0451457373675249,1.1e+07,5700000,Japon,Nagoya,136.90448,35.15792
Real Valladolid,3,NA,1.5e+07,750000,1.5e+07,Inf,15750000,0.0425775666789531,NA,5e+06,Espagne,Valladolid,-4.728562,41.6521328
Arsenal FC,2,NA,9500000,475000,9500000,Inf,9975000,0.0269657922300036,NA,4750000,Angleterre,Londres,-0.132134348549747,51.4742667634051
Akhisarspor,1,NA,5500000,275000,5500000,Inf,5775000,0.0156117744489495,NA,5500000,Turquie,Akhisar,27.8401895,38.9240528
Toluca,1,NA,5500000,275000,5500000,Inf,5775000,0.0156117744489495,NA,5500000,Mexique,Toluca,-99.6569007,19.292545
DL Yifang,2,3,9700000,38090000,-28390000,-74.5339984247834,47790000,0.129192502322995,12696666.6666667,4850000,Chine,Dalian,121.6388678,38.920716
Coimbra-MG,3,NA,14400000,720000,14400000,Inf,15120000,0.040874464011795,NA,4800000,Brésil,Coimbra,-8.4292057,40.2109801
Malmö FF,3,NA,13800000,690000,13800000,Inf,14490000,0.0391713613446369,NA,4600000,Suède,Malmö,13.0001566,55.6052931
Pol. Warsaw,1,NA,5250000,262500,5250000,Inf,5512500,0.0149021483376336,NA,5250000,Pologne,Varsovie,21.0068745150782,52.2550450526614
Al Gharafa,1,4,5250000,27200000,-21950000,-80.6985294117647,32450000,0.087723304046478,6800000,5250000,Qatar,Doha,51.5645537156529,25.1809333323877
Goiás EC,1,NA,5200000,260000,5200000,Inf,5460000,0.0147602231153704,NA,5200000,Brésil,Goiânia,-49.2532691,-16.680882
Hamilton Acad.,1,NA,5100000,255000,5100000,Inf,5355000,0.0144763726708441,NA,5100000,Angleterre,Hamilton,-79.868202,43.255205
Grosseto,1,NA,5100000,255000,5100000,Inf,5355000,0.0144763726708441,NA,5100000,Italie,Grosseto,11.1137389,42.7597261
Junior FC,1,NA,5100000,255000,5100000,Inf,5355000,0.0144763726708441,NA,5100000,Colombie,Barranquilla,-74.7987977,10.9989088
Coritiba FC,1,NA,5e+06,250000,5e+06,Inf,5250000,0.0141925222263177,NA,5e+06,Brésil,Curitiba,-49.2712724,-25.4295963
Treviso,2,NA,8800000,440000,8800000,Inf,9240000,0.0249788391183192,NA,4400000,Italie,Trévise,12.2455414,45.6658505
Tom Tomsk,1,1,5e+06,2e+06,3e+06,150,7e+06,0.0189233629684236,2e+06,5e+06,Russie,Tomsk,84.952324,56.488712
Willem II,1,NA,5e+06,250000,5e+06,Inf,5250000,0.0141925222263177,NA,5e+06,Pays-Bas,Tilbourg,5.083076,51.55847
Manisaspor,2,1,9e+06,2500000,6500000,260,11500000,0.0310883820195531,2500000,4500000,Turquie,Manisa,27.4255716,38.6155029
Troyes,2,NA,1e+07,5e+05,1e+07,Inf,10500000,0.0283850444526354,NA,5e+06,France,Troyes,4.0746257,48.2971626
Kalmar FF,1,NA,5e+06,250000,5e+06,Inf,5250000,0.0141925222263177,NA,5e+06,Suède,Kalmar,16.3662382,56.6628826
FK Lyn,1,NA,5e+06,250000,5e+06,Inf,5250000,0.0141925222263177,NA,5e+06,Norvège,Oslo,10.797578739501,59.8820006962941
Valenciennes FC,3,NA,13500000,675000,13500000,Inf,14175000,0.0383198100110578,NA,4500000,France,Valenciennes,3.5234846,50.3579317
Rapid Bucharest,3,NA,12300000,615000,12300000,Inf,12915000,0.0349136046767416,NA,4100000,Roumanie,Bucharest,26.0875871116944,44.4540302640553
Aalesund,1,NA,5e+06,250000,5e+06,Inf,5250000,0.0141925222263177,NA,5e+06,Norvège,Aalesund,-1.8017746,57.49596
Novara,1,NA,5e+06,250000,5e+06,Inf,5250000,0.0141925222263177,NA,5e+06,Italie,Novare,8.619655,45.4464036
Dinamo Bukarest,2,NA,9500000,475000,9500000,Inf,9975000,0.0269657922300036,NA,4750000,Roumanie,Bucharest,26.0895460999847,44.3632606142367
Pohang Steelers,1,NA,5e+06,250000,5e+06,Inf,5250000,0.0141925222263177,NA,5e+06,Corée du Sud,Pohang,129.3429384,36.0189315
Portimonense,1,NA,5e+06,250000,5e+06,Inf,5250000,0.0141925222263177,NA,5e+06,Portugal,Portimão,-8.58557739516834,37.19420955
Cittadella,2,NA,8800000,440000,8800000,Inf,9240000,0.0249788391183192,NA,4400000,Italie,Padoue,11.8612770027244,45.3734094351383
Perugia,1,NA,5e+06,250000,5e+06,Inf,5250000,0.0141925222263177,NA,5e+06,Italie,Pérouse,12.3890104,43.1119613
Barcelona SC,1,NA,4950000,247500,4950000,Inf,5197500,0.0140505970040545,NA,4950000,Équateur,Guayaquil,-79.8877153,-2.1898771
Necaxa,1,NA,4800000,240000,4800000,Inf,5040000,0.013624821337265,NA,4800000,Mexique,Aguascalientes,-102.5000001,22.0000001
KSC Lokeren,1,NA,4800000,240000,4800000,Inf,5040000,0.013624821337265,NA,4800000,Belgique,Lokeren,3.9911114,51.1042159
Helsingborg,2,1,7500000,1500000,6e+06,400,9e+06,0.0243300381022589,1500000,3750000,Suède,Helsingborg,12.7040684,56.0441984
Ferencváros,1,NA,4800000,240000,4800000,Inf,5040000,0.013624821337265,NA,4800000,Hongrie,Budapest,19.0404707,47.4983815
Lech Poznan,2,NA,8250000,412500,8250000,Inf,8662500,0.0234176616734242,NA,4125000,Pologne,Poznan,16.9197520238885,52.4006522
EC Bahia,1,NA,4750000,237500,4750000,Inf,4987500,0.0134828961150018,NA,4750000,Brésil,Bahia,-41.833711861252,-12.339635940993
VfL Bochum,1,NA,4700000,235000,4700000,Inf,4935000,0.0133409708927386,NA,4700000,Allemagne,Bochum,7.2196635,51.4818111
Piacenza,2,NA,8700000,435000,8700000,Inf,9135000,0.0246949886737928,NA,4350000,Italie,Plaisance,9.6947461,45.0534751
Odense BK,1,NA,4700000,235000,4700000,Inf,4935000,0.0133409708927386,NA,4700000,Danemark,Odense,10.3852104,55.3997225
Paraná,1,NA,4700000,235000,4700000,Inf,4935000,0.0133409708927386,NA,4700000,Brésil,Paraná,-51.888343729472,-24.385934859787
Torpedo Moscow,3,NA,9500000,475000,9500000,Inf,9975000,0.0269657922300036,NA,3166666.66666667,Russie,Moscou,37.715456280775,55.8311065071148
Colchester Utd.,1,NA,4500000,225000,4500000,Inf,4725000,0.0127732700036859,NA,4500000,Angleterre,Colchester,0.9046293,51.8931303
Slavia Prag,2,NA,8300000,415000,8300000,Inf,8715000,0.0235595868956874,NA,4150000,République Tchèque,Prague,14.3246237243306,50.1778701948495
FK Moskau,4,3,1.7e+07,7800000,9200000,117.948717948718,24800000,0.0670427716595579,2600000,4250000,Russie,Moscou,37.5777233504612,55.711576732218
Molde FK,1,NA,4500000,225000,4500000,Inf,4725000,0.0127732700036859,NA,4500000,Norvège,Molde,7.35477450446941,62.75091365
Belgrano,1,NA,4500000,225000,4500000,Inf,4725000,0.0127732700036859,NA,4500000,Argentine,Buenos Aires,-58.4984840968127,-34.5612951866317
RNK Split,1,NA,4500000,225000,4500000,Inf,4725000,0.0127732700036859,NA,4500000,Croatie,Split,16.4851638218113,43.5235921473682
QD Jonoon,1,NA,4500000,225000,4500000,Inf,4725000,0.0127732700036859,NA,4500000,Chine,Qingdao,120.3497193,36.0895093
Legia Warszawa,2,NA,8550000,427500,8550000,Inf,8977500,0.0242692130070033,NA,4275000,Pologne,Varsovie,20.9063021308176,52.1254578880843
Quilmes,1,NA,4250000,212500,4250000,Inf,4462500,0.01206364389237,NA,4250000,Argentine,Buenos Aires,-58.4140782149757,-34.6804118479196
Esperance,1,NA,4250000,212500,4250000,Inf,4462500,0.01206364389237,NA,4250000,Tunisie,Tunis,9.400138,33.8439408
Grasshoppers,2,NA,6200000,310000,6200000,Inf,6510000,0.017598727560634,NA,3100000,Suisse,Berne,7.44200068687553,47.0258300488897
Peñarol,2,NA,7560000,378000,7560000,Inf,7938000,0.0214590936061924,NA,3780000,Uruguay,Montevideo,-56.1474185804659,-34.9665614586833
SC Bastia,2,NA,8e+06,4e+05,8e+06,Inf,8400000,0.0227080355621083,NA,4e+06,France,Bastia,9.452542,42.7065505
Alavés,1,NA,4e+06,2e+05,4e+06,Inf,4200000,0.0113540177810542,NA,4e+06,Espagne,Vitoria-Gasteiz,-2.6724025,42.8465088
IFK Göteborg,1,NA,4e+06,2e+05,4e+06,Inf,4200000,0.0113540177810542,NA,4e+06,Suède,Göteborg,11.9093526427757,57.6343434550765
FK Teplice,1,NA,4e+06,2e+05,4e+06,Inf,4200000,0.0113540177810542,NA,4e+06,République Tchèque,Teplice,13.8244461,50.6406644
Stabaek IF,2,NA,6e+06,3e+05,6e+06,Inf,6300000,0.0170310266715812,NA,3e+06,Norvège,Bærum,10.4997108185783,59.9289639
Toronto FC,1,2,4e+06,14700000,-10700000,-72.7891156462585,18700000,0.0505524125013602,7350000,4e+06,USA,Toronto,-79.387207,43.653963
Sparta R.,1,NA,4e+06,2e+05,4e+06,Inf,4200000,0.0113540177810542,NA,4e+06,Pays-Bas,Rotterdam,4.40714131241873,51.8516596976953
Neuchâtel Xamax,1,NA,4e+06,2e+05,4e+06,Inf,4200000,0.0113540177810542,NA,4e+06,Suisse,Neuchâtel,6.9292641,46.9895828
CD Godoy Cruz,1,NA,4e+06,2e+05,4e+06,Inf,4200000,0.0113540177810542,NA,4e+06,Argentine,Godoy Cruz,-68.8427994,-32.9252252
EC Vitória,1,NA,4e+06,2e+05,4e+06,Inf,4200000,0.0113540177810542,NA,4e+06,Brésil,Bahia,-41.889034648697,-12.391470420284
Tigre,1,NA,12700000,47750000,-35050000,-73.4031413612565,60450000,0.163416755920172,NA,12700000,Mexique,Nuevo León,-99.8873,26.2384363
PAOK Saloniki,1,NA,4e+06,2e+05,4e+06,Inf,4200000,0.0113540177810542,NA,4e+06,Grèce,Thessalonique,22.9352716,40.6403167
Hércules CF,1,1,4e+06,3500000,5e+05,14.2857142857143,7500000,0.0202750317518824,3500000,4e+06,Espagne,Alicante,-0.4901846,38.353738
1.FC K'lautern,2,NA,7800000,390000,7800000,Inf,8190000,0.0221403346730556,NA,3900000,Allemagne,Kaiserslautern,7.7689951,49.4432174
Genclerbirligi,1,NA,4e+06,2e+05,4e+06,Inf,4200000,0.0113540177810542,NA,4e+06,Turquie,Ankara,32.7343820218409,40.0034747206438
Rentistas,1,NA,4e+06,2e+05,4e+06,Inf,4200000,0.0113540177810542,NA,4e+06,Uruguay,Montevideo,-56.0946948413746,-34.9401969602096
Viktoria Plzen,1,NA,4e+06,2e+05,4e+06,Inf,4200000,0.0113540177810542,NA,4e+06,République Tchèque,Plzen,13.3775249,49.7477415
KS Samara,1,NA,4e+06,2e+05,4e+06,Inf,4200000,0.0113540177810542,NA,4e+06,Russie,Samara,50.113987,53.198627
Rimini,1,NA,3930000,196500,3930000,Inf,4126500,0.0111553224698857,NA,3930000,Italie,Rimini,12.5684371,44.0593886
AEK Athens,2,NA,7300000,365000,7300000,Inf,7665000,0.0207210824504238,NA,3650000,Grèce,Athènes,23.6852550714513,38.0788516102082
Vasco U17,1,NA,3800000,190000,3800000,Inf,3990000,0.0107863168920015,NA,3800000,Brésil,São Paulo,-46.5565367263793,-23.4327467699022
Wisla Kraków,3,NA,8700000,435000,8700000,Inf,9135000,0.0246949886737928,NA,2900000,Pologne,Cracovie,19.9970637622827,50.04691015
Sheff Wed,1,1,3790000,11700000,-7910000,-67.6068376068376,15490000,0.0418746989115545,11700000,3790000,Angleterre,Sheffield,-1.36863468494965,53.2679124187982
Kasimpasa,1,NA,3750000,187500,3750000,Inf,3937500,0.0106443916697383,NA,3750000,Turquie,Istanbul,28.952554964334,40.9736398897947
SK Brann,1,1,3670000,2e+06,1670000,83.5,5670000,0.0153279240044231,2e+06,3670000,Norvège,Bergen,5.3258117,60.3943034
Audax Italiano,2,NA,7100000,355000,7100000,Inf,7455000,0.0201533815613711,NA,3550000,Chili,Santiago,-70.6660739558617,-33.4207763867763
Colón,2,NA,6900000,345000,6900000,Inf,7245000,0.0195856806723184,NA,3450000,Argentine,Santa Fe,-60.7019561,-31.6186951
Kashiwa Reysol,1,2,3500000,6500000,-3e+06,-46.1538461538462,1e+07,0.0270333756691766,3250000,3500000,Japon,Kashiwa,139.9762857,35.8683675
Rosenborg BK,1,NA,3500000,175000,3500000,Inf,3675000,0.00993476555842239,NA,3500000,Norvège,Trondheim,10.3951929,63.4305658
Elfsborg,1,NA,3500000,175000,3500000,Inf,3675000,0.00993476555842239,NA,3500000,Suède,Borås,12.9407407,57.7210839
FC Bayern II,1,NA,3500000,175000,3500000,Inf,3675000,0.00993476555842239,NA,3500000,Allemagne,Munich,11.5546777661006,48.0474884598058
Metalurh Z.,1,NA,3100000,155000,3100000,Inf,3255000,0.00879936378031698,NA,3100000,Ukraine,Zaporijia,35.1182867,47.8507859
Revolution,1,NA,3e+06,150000,3e+06,Inf,3150000,0.00851551333579062,NA,3e+06,USA,Nouvelle-Angleterre,-1.12733034278196,52.83204855
Örgryte,1,NA,3e+06,150000,3e+06,Inf,3150000,0.00851551333579062,NA,3e+06,Suède,Göteborg,11.9276844930399,57.7466934805887
Gimnasia,1,NA,3e+06,150000,3e+06,Inf,3150000,0.00851551333579062,NA,3e+06,Argentine,La Plata,-57.8379427625585,-34.8601356806213
Arsenal U23,1,NA,3e+06,150000,3e+06,Inf,3150000,0.00851551333579062,NA,3e+06,Angleterre,Londres,-0.0607664532818437,51.5838315220002
Cobreloa,1,NA,3e+06,150000,3e+06,Inf,3150000,0.00851551333579062,NA,3e+06,Chili,Calama,-68.9272181,-22.4623917
Cerro Porteño,1,NA,2700000,135000,2700000,Inf,2835000,0.00766396200221156,NA,2700000,Paraguay,Asuncion,-57.6343814,-25.2800459
JEF Utd. Chiba,1,NA,2700000,135000,2700000,Inf,2835000,0.00766396200221156,NA,2700000,Japon,Ichihara,140.1156996,35.497775
Sheriff,1,NA,2600000,130000,2600000,Inf,2730000,0.00738011155768521,NA,2600000,Moldavie,Tiraspol,29.603738021133,46.85802875
Kashima Antlers,1,NA,2500000,125000,2500000,Inf,2625000,0.00709626111315885,NA,2500000,Japon,Kashima,140.6450292,35.9661164
Albacete,1,NA,2500000,125000,2500000,Inf,2625000,0.00709626111315885,NA,2500000,Espagne,Albacete,-1.8548699,38.9890121
Valerenga,1,NA,2400000,120000,2400000,Inf,2520000,0.0068124106686325,NA,2400000,Norvège,Oslo,10.7971394788245,59.8832070011348
Modena,1,NA,2250000,112500,2250000,Inf,2362500,0.00638663500184297,NA,2250000,Italie,Modène,6.6728169,45.2015369
KSK Beveren,1,NA,2200000,110000,2200000,Inf,2310000,0.00624470977957979,NA,2200000,Belgique,Beveren,4.24908132985944,51.21288495
Grodzisk,1,NA,2e+06,1e+05,2e+06,Inf,2100000,0.00567700889052708,NA,2e+06,Pologne,Grodzisk,23.185834,53.6374955
Marítimo,1,NA,2e+06,1e+05,2e+06,Inf,2100000,0.00567700889052708,NA,2e+06,Portugal,Madère,20.7189672,42.4485582
Arm. Bielefeld,1,NA,2e+06,1e+05,2e+06,Inf,2100000,0.00567700889052708,NA,2e+06,Allemagne,Bielefeld,8.540868,52.010877
Lok. Plovdiv,1,NA,2e+06,1e+05,2e+06,Inf,2100000,0.00567700889052708,NA,2e+06,Bulgarie,Plovdiv,24.7499297,42.1418541
Zbrojovka Brno,1,NA,2e+06,1e+05,2e+06,Inf,2100000,0.00567700889052708,NA,2e+06,République Tchèque,Brno,16.6113382,49.1922443
Chicago Fire,1,NA,1500000,75000,1500000,Inf,1575000,0.00425775666789531,NA,1500000,USA,Chicago,-87.6244212,41.8755616
Egaleo AO,1,NA,1500000,75000,1500000,Inf,1575000,0.00425775666789531,NA,1500000,Grèce,Egaleo,23.6818754,37.9915665
Östers IF,1,NA,1500000,75000,1500000,Inf,1575000,0.00425775666789531,NA,1500000,Suède,Växjö,14.8094385,56.8787183
SIPG,NA,6,0,155900000,-155900000,-100,155900000,0.421450326682463,25983333.3333333,NA,Chine,Shanghai,121.399599540371,31.1985308160462
TJ Quanjian,NA,8,0,119940000,-119940000,-100,119940000,0.324238307776104,14992500,NA,Chine,Tianjin,117.121607295,39.1224423265176
CC Yatai,NA,1,0,23300000,-23300000,-100,23300000,0.0629877653091814,23300000,NA,Chine,Changchun,125.3178222,43.8844498
HB CFFC,NA,15,0,150170000,-150170000,-100,150170000,0.405960202424025,10011333.3333333,NA,Chine,Hebei,116,39.0000001
SH Shenhua,NA,7,0,67580000,-67580000,-100,67580000,0.182691552772295,9654285.71428571,NA,Chine,Shanghai,121.431950731825,31.3036046687156
Atlanta United,NA,2,0,19780000,-19780000,-100,19780000,0.0534720170736313,9890000,NA,USA,Atlanta,-84.3901849,33.7490987
TJ Teda,NA,2,0,19250000,-19250000,-100,19250000,0.0520392481631649,9625000,NA,Chine,Tianjin,117.247524347943,39.0146798415015
CQ Dangdai Lif.,NA,1,0,1.2e+07,-1.2e+07,-100,1.2e+07,0.0324400508030119,1.2e+07,NA,Chine,Chongqing,106.5492822,29.5585712
El-Jaish,NA,5,0,36500000,-36500000,-100,36500000,0.0986718211924945,7300000,NA,Qatar,Doha,51.5633739713311,25.2721009681564
SZ FC,NA,2,0,18500000,-18500000,-100,18500000,0.0500117449879767,9250000,NA,Chine,Shenzhen,114.0545346,22.5445697
Ahli,NA,2,10500000,89240000,-78740000,-88.2339757956073,99740000,0.269630888924367,44620000,NA,Qatar,Doha,51.5729475737094,25.242826803923
Nasr,NA,5,0,43400000,-43400000,-100,43400000,0.117324850404226,8680000,NA,Arabie Saoudite,Riyad,46.7352528142838,24.5452501367962
Pyramids FC,NA,3,0,18900000,-18900000,-100,18900000,0.0510930800147437,6300000,NA,Égypte,Le Caire,31.3161008074943,29.9765998591537
Ittihad,NA,2,0,12700000,-12700000,-100,12700000,0.0343323870998543,6350000,NA,Arabie Saoudite,Djeddah,39.1640396,21.5822247
Al-Nasr,NA,1,0,8e+06,-8e+06,-100,8e+06,0.0216267005353413,8e+06,NA,Arabie Saoudite,Riyad,46.6463744309453,24.7282347514106
Sounders FC	,NA,2,0,13160000,-13160000,-100,13160000,0.0355759223806364,6580000,NA,USA,Seattle,-122.3300624,47.6038321
Benfica B,NA,1,0,6600000,-6600000,-100,6600000,0.0178420279416565,6600000,NA,Portugal,Lisbonne,-9.07065138800966,38.6081950127103
Los Angeles,NA,2,0,15800000,-15800000,-100,15800000,0.042712733557299,7900000,NA,USA,Los Angeles,-118.301086736333,33.9526627490432
Sharjah FC,NA,1,0,6e+06,-6e+06,-100,6e+06,0.0162200254015059,6e+06,NA,UAE,Charjah,55.3895321,25.3585432
Umm Salal,NA,1,0,5700000,-5700000,-100,5700000,0.0154090241314306,5700000,NA,Qatar,Umm Salal,51.4013493917008,25.46022865
Los Angeles FC,NA,1,0,5700000,-5700000,-100,5700000,0.0154090241314306,5700000,NA,USA,Los Angeles,-118.285950113379,34.0164876610735
Al Duhail,NA,5,0,22050000,-22050000,-100,22050000,0.0596085933505344,4410000,NA,Qatar,Doha,51.5452106198959,25.3659322366309
Real Murcia,NA,1,0,5e+06,-5e+06,-100,5e+06,0.0135166878345883,5e+06,NA,Espagne,Murcie,-1.1305431,37.9923795
Al-Wahda FC,NA,1,0,5e+06,-5e+06,-100,5e+06,0.0135166878345883,5e+06,NA,UAE,Abou Dabi,53.6866873892844,24.0697968475635
Padova,NA,1,0,5e+06,-5e+06,-100,5e+06,0.0135166878345883,5e+06,NA,Italie,Padoue,11.9615863520229,45.526408788603
Urawa Reds,NA,3,0,10200000,-10200000,-100,10200000,0.0275740431825601,3400000,NA,Japon,Saitama,139.4160114,35.9754168
Girona FC,NA,2,0,1e+07,-1e+07,-100,1e+07,0.0270333756691766,5e+06,NA,Espagne,Gérone,2.8199439,41.9793006
Benevento,NA,1,0,5e+06,-5e+06,-100,5e+06,0.0135166878345883,5e+06,NA,Italie,Bénévent,14.7824639,41.1295587
SPAL,NA,1,0,4800000,-4800000,-100,4800000,0.0129760203212048,4800000,NA,Italie,Ferrare,11.6186451,44.8372737
Akhmat Grozny,NA,1,0,4500000,-4500000,-100,4500000,0.0121650190511295,4500000,NA,Russie,Grozny,45.698967,43.316845
Al-Wasl,NA,1,0,4100000,-4100000,-100,4100000,0.0110836840243624,4100000,NA,UAE,Dubaï,-1.11217144189079,43.6617088745659
Saturn,NA,1,0,4e+06,-4e+06,-100,4e+06,0.0108133502676706,4e+06,NA,Russie,Ramenskoïe,38.2282099,55.5709361
Milan U19,NA,1,0,4e+06,-4e+06,-100,4e+06,0.0108133502676706,4e+06,NA,Italie,Milan,9.23258261025425,45.4691132686212
Al-Shabab,NA,1,0,3600000,-3600000,-100,3600000,0.00973201524090357,3600000,NA,Arabie Saoudite,Riyad,46.6071801056622,24.5636464379726
Tiburones Rojos,NA,1,0,2500000,-2500000,-100,2500000,0.00675834391729414,2500000,NA,Mexique,Veracruz,-96.666667,19.333333
Suwon Bluewings,NA,1,0,2e+06,-2e+06,-100,2e+06,0.00540667513383532,2e+06,NA,Corée du Sud,Suwon,127.0287472,37.2633325
Ulsan,NA,1,0,2e+06,-2e+06,-100,2e+06,0.00540667513383532,2e+06,NA,Corée du Sud,Ulsan,129.252024,35.5487857
Al Ahli,NA,1,0,2e+06,-2e+06,-100,2e+06,0.00540667513383532,2e+06,NA,Qatar,Doha,51.5610365863807,25.3206997957829
